customer_id,credit_score,country,gender,age,tenure,balance,products_number,credit_card,active_member,estimated_salary,churn,tenure_group,balance_flag,age_group,credit_score_band,active_status,product_group
15634602,619,France,Female,42,2,0,1,1,1,101348.88,1,0-3,Low,30-50,Fair,Active,Single Product
15647311,608,Spain,Female,41,1,83807.86,1,0,1,112542.58,0,0-3,High,30-50,Fair,Active,Single Product
15619304,502,France,Female,42,8,159660.8,3,1,0,113931.57,1,8+,High,30-50,Poor,Inactive,Multiple Products
15701354,699,France,Female,39,1,0,2,0,0,93826.63,0,0-3,Low,30-50,Good,Inactive,Multiple Products
15737888,850,Spain,Female,43,2,125510.82,1,1,1,79084.1,0,0-3,High,30-50,Excellent,Active,Single Product
15574012,645,Spain,Male,44,8,113755.78,2,1,0,149756.71,1,8+,High,30-50,Fair,Inactive,Multiple Products
15592531,822,France,Male,50,7,0,2,1,1,10062.8,0,7-Apr,Low,30-50,Excellent,Active,Multiple Products
15656148,376,Germany,Female,29,4,115046.74,4,1,0,119346.88,1,7-Apr,High,Under 30,Poor,Inactive,Multiple Products
15792365,501,France,Male,44,4,142051.07,2,0,1,74940.5,0,7-Apr,High,30-50,Poor,Active,Multiple Products
15592389,684,France,Male,27,2,134603.88,1,1,1,71725.73,0,0-3,High,Under 30,Good,Active,Single Product
15767821,528,France,Male,31,6,102016.72,2,0,0,80181.12,0,7-Apr,High,30-50,Poor,Inactive,Multiple Products
15737173,497,Spain,Male,24,3,0,2,1,0,76390.01,0,0-3,Low,Under 30,Poor,Inactive,Multiple Products
15632264,476,France,Female,34,10,0,2,1,0,26260.98,0,8+,Low,30-50,Poor,Inactive,Multiple Products
15691483,549,France,Female,25,5,0,2,0,0,190857.79,0,7-Apr,Low,Under 30,Poor,Inactive,Multiple Products
15600882,635,Spain,Female,35,7,0,2,1,1,65951.65,0,7-Apr,Low,30-50,Fair,Active,Multiple Products
15643966,616,Germany,Male,45,3,143129.41,2,0,1,64327.26,0,0-3,High,30-50,Fair,Active,Multiple Products
15737452,653,Germany,Male,58,1,132602.88,1,1,0,5097.67,1,0-3,High,50+,Fair,Inactive,Single Product
15788218,549,Spain,Female,24,9,0,2,1,1,14406.41,0,8+,Low,Under 30,Poor,Active,Multiple Products
15661507,587,Spain,Male,45,6,0,1,0,0,158684.81,0,7-Apr,Low,30-50,Fair,Inactive,Single Product
15568982,726,France,Female,24,6,0,2,1,1,54724.03,0,7-Apr,Low,Under 30,Good,Active,Multiple Products
15577657,732,France,Male,41,8,0,2,1,1,170886.17,0,8+,Low,30-50,Good,Active,Multiple Products
15597945,636,Spain,Female,32,8,0,2,1,0,138555.46,0,8+,Low,30-50,Fair,Inactive,Multiple Products
15699309,510,Spain,Female,38,4,0,1,1,0,118913.53,1,7-Apr,Low,30-50,Poor,Inactive,Single Product
15725737,669,France,Male,46,3,0,2,0,1,8487.75,0,0-3,Low,30-50,Fair,Active,Multiple Products
15625047,846,France,Female,38,5,0,1,1,1,187616.16,0,7-Apr,Low,30-50,Excellent,Active,Single Product
15738191,577,France,Male,25,3,0,2,0,1,124508.29,0,0-3,Low,Under 30,Poor,Active,Multiple Products
15736816,756,Germany,Male,36,2,136815.64,1,1,1,170041.95,0,0-3,High,30-50,Excellent,Active,Single Product
15700772,571,France,Male,44,9,0,2,0,0,38433.35,0,8+,Low,30-50,Poor,Inactive,Multiple Products
15728693,574,Germany,Female,43,3,141349.43,1,1,1,100187.43,0,0-3,High,30-50,Poor,Active,Single Product
15656300,411,France,Male,29,0,59697.17,2,1,1,53483.21,0,0-3,High,Under 30,Poor,Active,Multiple Products
15589475,591,Spain,Female,39,3,0,3,1,0,140469.38,1,0-3,Low,30-50,Fair,Inactive,Multiple Products
15706552,533,France,Male,36,7,85311.7,1,0,1,156731.91,0,7-Apr,High,30-50,Poor,Active,Single Product
15750181,553,Germany,Male,41,9,110112.54,2,0,0,81898.81,0,8+,High,30-50,Poor,Inactive,Multiple Products
15659428,520,Spain,Female,42,6,0,2,1,1,34410.55,0,7-Apr,Low,30-50,Poor,Active,Multiple Products
15732963,722,Spain,Female,29,9,0,2,1,1,142033.07,0,8+,Low,Under 30,Good,Active,Multiple Products
15794171,475,France,Female,45,0,134264.04,1,1,0,27822.99,1,0-3,High,30-50,Poor,Inactive,Single Product
15788448,490,Spain,Male,31,3,145260.23,1,0,1,114066.77,0,0-3,High,30-50,Poor,Active,Single Product
15729599,804,Spain,Male,33,7,76548.6,1,0,1,98453.45,0,7-Apr,High,30-50,Excellent,Active,Single Product
15717426,850,France,Male,36,7,0,1,1,1,40812.9,0,7-Apr,Low,30-50,Excellent,Active,Single Product
15585768,582,Germany,Male,41,6,70349.48,2,0,1,178074.04,0,7-Apr,High,30-50,Fair,Active,Multiple Products
15619360,472,Spain,Male,40,4,0,1,1,0,70154.22,0,7-Apr,Low,30-50,Poor,Inactive,Single Product
15738148,465,France,Female,51,8,122522.32,1,0,0,181297.65,1,8+,High,50+,Poor,Inactive,Single Product
15687946,556,France,Female,61,2,117419.35,1,1,1,94153.83,0,0-3,High,50+,Poor,Active,Single Product
15755196,834,France,Female,49,2,131394.56,1,0,0,194365.76,1,0-3,High,30-50,Excellent,Inactive,Single Product
15684171,660,Spain,Female,61,5,155931.11,1,1,1,158338.39,0,7-Apr,High,50+,Fair,Active,Single Product
15754849,776,Germany,Female,32,4,109421.13,2,1,1,126517.46,0,7-Apr,High,30-50,Excellent,Active,Multiple Products
15602280,829,Germany,Female,27,9,112045.67,1,1,1,119708.21,1,8+,High,Under 30,Excellent,Active,Single Product
15771573,637,Germany,Female,39,9,137843.8,1,1,1,117622.8,1,8+,High,30-50,Fair,Active,Single Product
15766205,550,Germany,Male,38,2,103391.38,1,0,1,90878.13,0,0-3,High,30-50,Poor,Active,Single Product
15771873,776,Germany,Female,37,2,103769.22,2,1,0,194099.12,0,0-3,High,30-50,Excellent,Inactive,Multiple Products
15616550,698,Germany,Male,44,10,116363.37,2,1,0,198059.16,0,8+,High,30-50,Good,Inactive,Multiple Products
15768193,585,Germany,Male,36,5,146050.97,2,0,0,86424.57,0,7-Apr,High,30-50,Fair,Inactive,Multiple Products
15683553,788,France,Female,33,5,0,2,0,0,116978.19,0,7-Apr,Low,30-50,Excellent,Inactive,Multiple Products
15702298,655,Germany,Male,41,8,125561.97,1,0,0,164040.94,1,8+,High,30-50,Fair,Inactive,Single Product
15569590,601,Germany,Male,42,1,98495.72,1,1,0,40014.76,1,0-3,High,30-50,Fair,Inactive,Single Product
15760861,619,France,Male,43,1,125211.92,1,1,1,113410.49,0,0-3,High,30-50,Fair,Active,Single Product
15630053,656,France,Male,45,5,127864.4,1,1,0,87107.57,0,7-Apr,High,30-50,Fair,Inactive,Single Product
15647091,725,Germany,Male,19,0,75888.2,1,0,0,45613.75,0,0-3,High,Under 30,Good,Inactive,Single Product
15623944,511,Spain,Female,66,4,0,1,1,0,1643.11,1,7-Apr,Low,50+,Poor,Inactive,Single Product
15804771,614,France,Male,51,4,40685.92,1,1,1,46775.28,0,7-Apr,Low,50+,Fair,Active,Single Product
15651280,742,Germany,Male,35,5,136857,1,0,0,84509.57,0,7-Apr,High,30-50,Excellent,Inactive,Single Product
15773469,687,Germany,Female,27,9,152328.88,2,0,0,126494.82,0,8+,High,Under 30,Good,Inactive,Multiple Products
15702014,555,Spain,Male,33,1,56084.69,2,0,0,178798.13,0,0-3,High,30-50,Poor,Inactive,Multiple Products
15751208,684,Spain,Male,56,8,78707.16,1,1,1,99398.36,0,8+,High,50+,Good,Active,Single Product
15592461,603,Germany,Male,26,4,109166.37,1,1,1,92840.67,0,7-Apr,High,Under 30,Fair,Active,Single Product
15789484,751,Germany,Female,36,6,169831.46,2,1,1,27758.36,0,7-Apr,High,30-50,Excellent,Active,Multiple Products
15696061,581,Germany,Female,34,1,101633.04,1,1,0,110431.51,0,0-3,High,30-50,Fair,Inactive,Single Product
15641582,735,Germany,Male,43,10,123180.01,2,1,1,196673.28,0,8+,High,30-50,Good,Active,Multiple Products
15638424,661,Germany,Female,35,5,150725.53,2,0,1,113656.85,0,7-Apr,High,30-50,Fair,Active,Multiple Products
15755648,675,France,Female,21,8,98373.26,1,1,0,18203,0,8+,High,Under 30,Good,Inactive,Single Product
15703793,738,Germany,Male,58,2,133745.44,4,1,0,28373.86,1,0-3,High,50+,Good,Inactive,Multiple Products
15620344,813,France,Male,29,6,0,1,1,0,33953.87,0,7-Apr,Low,Under 30,Excellent,Inactive,Single Product
15812518,657,Spain,Female,37,0,163607.18,1,0,1,44203.55,0,0-3,High,30-50,Fair,Active,Single Product
15779052,604,Germany,Female,25,5,157780.84,2,1,1,58426.81,0,7-Apr,High,Under 30,Fair,Active,Multiple Products
15770811,519,France,Male,36,9,0,2,0,1,145562.4,0,8+,Low,30-50,Poor,Active,Multiple Products
15780961,735,France,Female,21,1,178718.19,2,1,0,22388,0,0-3,High,Under 30,Good,Inactive,Multiple Products
15614049,664,France,Male,55,8,0,2,1,1,139161.64,0,8+,Low,50+,Fair,Active,Multiple Products
15662085,678,France,Female,32,9,0,1,1,1,148210.64,0,8+,Low,30-50,Good,Active,Single Product
15575185,757,Spain,Male,33,5,77253.22,1,0,1,194239.63,0,7-Apr,High,30-50,Excellent,Active,Single Product
15803136,416,Germany,Female,41,10,122189.66,2,1,0,98301.61,0,8+,High,30-50,Poor,Inactive,Multiple Products
15706021,665,France,Female,34,1,96645.54,2,0,0,171413.66,0,0-3,High,30-50,Fair,Inactive,Multiple Products
15663706,777,France,Female,32,2,0,1,1,0,136458.19,1,0-3,Low,30-50,Excellent,Inactive,Single Product
15641732,543,France,Female,36,3,0,2,0,0,26019.59,0,0-3,Low,30-50,Poor,Inactive,Multiple Products
15701164,506,France,Female,34,4,90307.62,1,1,1,159235.29,0,7-Apr,High,30-50,Poor,Active,Single Product
15738751,493,France,Female,46,4,0,2,1,0,1907.66,0,7-Apr,Low,30-50,Poor,Inactive,Multiple Products
15805254,652,Spain,Female,75,10,0,2,1,1,114675.75,0,8+,Low,50+,Fair,Active,Multiple Products
15762418,750,Spain,Male,22,3,121681.82,1,1,0,128643.35,1,0-3,High,Under 30,Excellent,Inactive,Single Product
15625759,729,France,Male,30,9,0,2,1,0,151869.35,0,8+,Low,30-50,Good,Inactive,Multiple Products
15622897,646,France,Female,46,4,0,3,1,0,93251.42,1,7-Apr,Low,30-50,Fair,Inactive,Multiple Products
15767954,635,Germany,Female,28,3,81623.67,2,1,1,156791.36,0,0-3,High,Under 30,Fair,Active,Multiple Products
15757535,647,Spain,Female,44,5,0,3,1,1,174205.22,1,7-Apr,Low,30-50,Fair,Active,Multiple Products
15731511,808,France,Male,45,7,118626.55,2,1,0,147132.46,0,7-Apr,High,30-50,Excellent,Inactive,Multiple Products
15809248,524,France,Female,36,10,0,2,1,0,109614.57,0,8+,Low,30-50,Poor,Inactive,Multiple Products
15640635,769,France,Male,29,8,0,2,1,1,172290.61,0,8+,Low,Under 30,Excellent,Active,Multiple Products
15676966,730,Spain,Male,42,4,0,2,0,1,85982.47,0,7-Apr,Low,30-50,Good,Active,Multiple Products
15699461,515,Spain,Male,35,10,176273.95,1,0,1,121277.78,0,8+,High,30-50,Poor,Active,Single Product
15738721,773,Spain,Male,41,9,102827.44,1,0,1,64595.25,0,8+,High,30-50,Excellent,Active,Single Product
15693683,814,Germany,Male,29,8,97086.4,2,1,1,197276.13,0,8+,High,Under 30,Excellent,Active,Multiple Products
15604348,710,Spain,Male,22,8,0,2,0,0,99645.04,0,8+,Low,Under 30,Good,Inactive,Multiple Products
15633059,413,France,Male,34,9,0,2,0,0,6534.18,0,8+,Low,30-50,Poor,Inactive,Multiple Products
15808582,665,France,Female,40,6,0,1,1,1,161848.03,0,7-Apr,Low,30-50,Fair,Active,Single Product
15743192,623,France,Female,44,6,0,2,0,0,167162.43,0,7-Apr,Low,30-50,Fair,Inactive,Multiple Products
15580146,738,France,Male,31,9,82674.15,1,1,0,41970.72,0,8+,High,30-50,Good,Inactive,Single Product
15776605,528,Spain,Male,36,7,0,2,1,0,60536.56,0,7-Apr,Low,30-50,Poor,Inactive,Multiple Products
15804919,670,Spain,Female,65,1,0,1,1,1,177655.68,1,0-3,Low,50+,Good,Active,Single Product
15613854,622,Spain,Female,46,4,107073.27,2,1,1,30984.59,1,7-Apr,High,30-50,Fair,Active,Multiple Products
15599195,582,Germany,Male,32,1,88938.62,1,1,1,10054.53,0,0-3,High,30-50,Fair,Active,Single Product
15812878,785,Germany,Female,36,2,99806.85,1,0,1,36976.52,0,0-3,High,30-50,Excellent,Active,Single Product
15602312,605,Spain,Male,33,5,150092.8,1,0,0,71862.79,0,7-Apr,High,30-50,Fair,Inactive,Single Product
15744689,479,Germany,Male,35,9,92833.89,1,1,0,99449.86,1,8+,High,30-50,Poor,Inactive,Single Product
15803526,685,Germany,Male,30,3,90536.81,1,0,1,63082.88,0,0-3,High,30-50,Good,Active,Single Product
15665790,538,Germany,Male,39,7,108055.1,2,1,0,27231.26,0,7-Apr,High,30-50,Poor,Inactive,Multiple Products
15715951,562,France,Male,42,2,100238.35,1,0,0,86797.41,0,0-3,High,30-50,Poor,Inactive,Single Product
15591100,675,Spain,Male,36,9,106190.55,1,0,1,22994.32,0,8+,High,30-50,Good,Active,Single Product
15609618,721,Germany,Male,28,9,154475.54,2,0,1,101300.94,1,8+,High,Under 30,Good,Active,Multiple Products
15675522,628,Germany,Female,30,9,132351.29,2,1,1,74169.13,0,8+,High,30-50,Fair,Active,Multiple Products
15705512,668,Germany,Female,37,6,167864.4,1,1,0,115638.29,0,7-Apr,High,30-50,Fair,Inactive,Single Product
15698028,506,France,Female,41,1,0,2,1,0,31766.3,0,0-3,Low,30-50,Poor,Inactive,Multiple Products
15661670,524,Germany,Female,31,8,107818.63,1,1,0,199725.39,1,8+,High,30-50,Poor,Inactive,Single Product
15600781,699,Germany,Male,34,4,185173.81,2,1,0,120834.48,0,7-Apr,High,30-50,Good,Inactive,Multiple Products
15682472,828,France,Male,34,8,129433.34,2,0,0,38131.77,0,8+,High,30-50,Excellent,Inactive,Multiple Products
15580203,674,Spain,Male,39,6,120193.42,1,0,0,100130.95,0,7-Apr,High,30-50,Good,Inactive,Single Product
15690673,656,France,Female,39,6,0,2,1,0,141069.88,0,7-Apr,Low,30-50,Fair,Inactive,Multiple Products
15760085,684,Germany,Female,48,10,126384.42,1,1,1,198129.36,0,8+,High,30-50,Good,Active,Single Product
15779659,625,France,Female,28,3,0,1,0,0,183646.41,0,0-3,Low,Under 30,Fair,Inactive,Single Product
15627360,432,France,Male,42,9,152603.45,1,1,0,110265.24,1,8+,High,30-50,Poor,Inactive,Single Product
15671137,549,France,Female,52,1,0,1,0,1,8636.05,1,0-3,Low,50+,Poor,Active,Single Product
15782688,625,Germany,Male,56,0,148507.24,1,1,0,46824.08,1,0-3,High,50+,Fair,Inactive,Single Product
15575492,828,France,Female,41,7,0,2,1,0,171378.77,0,7-Apr,Low,30-50,Excellent,Inactive,Multiple Products
15591607,770,France,Male,24,9,101827.07,1,1,0,167256.35,0,8+,High,Under 30,Excellent,Inactive,Single Product
15740404,758,France,Female,34,3,0,2,1,1,124226.16,0,0-3,Low,30-50,Excellent,Active,Multiple Products
15718369,795,Germany,Female,33,9,130862.43,1,1,1,114935.21,0,8+,High,30-50,Excellent,Active,Single Product
15677871,687,France,Male,38,9,122570.87,1,1,1,35608.88,0,8+,High,30-50,Good,Active,Single Product
15642004,686,France,Male,25,1,0,2,0,1,16459.37,0,0-3,Low,Under 30,Good,Active,Multiple Products
15712543,789,Germany,Male,39,7,124828.46,2,1,1,124411.08,0,7-Apr,High,30-50,Excellent,Active,Multiple Products
15584518,589,Germany,Female,50,5,144895.05,2,1,1,34941.23,0,7-Apr,High,30-50,Fair,Active,Multiple Products
15802381,461,Germany,Female,34,5,63663.93,1,0,1,167784.28,0,7-Apr,High,30-50,Poor,Active,Single Product
15610156,637,France,Male,40,2,133463.1,1,0,1,93165.34,0,0-3,High,30-50,Fair,Active,Single Product
15594408,584,Spain,Female,48,2,213146.2,1,1,0,75161.25,1,0-3,High,30-50,Fair,Inactive,Single Product
15640905,579,Spain,Female,35,1,129490.36,2,0,1,8590.83,1,0-3,High,30-50,Poor,Active,Multiple Products
15698932,756,Germany,Male,44,10,137452.09,1,1,0,189543.9,0,8+,High,30-50,Excellent,Inactive,Single Product
15724944,663,France,Male,34,7,0,2,1,1,180427.24,0,7-Apr,Low,30-50,Fair,Active,Multiple Products
15628145,682,France,Female,43,5,125851.93,1,1,1,193318.33,0,7-Apr,High,30-50,Good,Active,Single Product
15713483,793,Spain,Male,52,2,0,1,1,0,159123.82,1,0-3,Low,50+,Excellent,Inactive,Single Product
15612350,691,France,Female,31,5,40915.55,1,1,0,126213.84,1,7-Apr,Low,30-50,Good,Inactive,Single Product
15800703,485,Spain,Female,21,5,113157.22,1,1,1,54141.5,0,7-Apr,High,Under 30,Poor,Active,Single Product
15705707,635,Spain,Female,29,8,138296.94,2,1,0,141075.51,0,8+,High,Under 30,Fair,Inactive,Multiple Products
15754105,650,France,Male,37,5,106967.18,1,0,0,24495.03,0,7-Apr,High,30-50,Fair,Inactive,Single Product
15703264,735,France,Male,44,9,120681.63,1,1,0,74836.34,0,8+,High,30-50,Good,Inactive,Single Product
15794413,416,France,Male,32,0,0,2,0,1,878.87,0,0-3,Low,30-50,Poor,Active,Multiple Products
15650237,754,Spain,Female,32,7,0,2,1,0,89520.75,0,7-Apr,Low,30-50,Excellent,Inactive,Multiple Products
15759618,535,France,Female,48,9,0,1,1,0,149892.79,1,8+,Low,30-50,Poor,Inactive,Single Product
15811589,716,Spain,Male,42,8,0,2,1,0,180800.42,0,8+,Low,30-50,Good,Inactive,Multiple Products
15689044,539,France,Male,37,2,127609.59,1,1,0,98646.22,0,0-3,High,30-50,Poor,Inactive,Single Product
15709368,614,France,Female,43,6,0,2,1,1,109041.53,0,7-Apr,Low,30-50,Fair,Active,Multiple Products
15679145,706,Spain,Male,57,7,0,1,1,0,17941.16,1,7-Apr,Low,50+,Good,Inactive,Single Product
15655007,758,France,Female,33,7,0,2,0,0,82996.47,0,7-Apr,Low,30-50,Excellent,Inactive,Multiple Products
15623595,586,Spain,Female,28,2,0,2,1,1,92067.35,0,0-3,Low,Under 30,Fair,Active,Multiple Products
15589975,646,France,Female,73,6,97259.25,1,0,1,104719.66,0,7-Apr,High,50+,Fair,Active,Single Product
15804017,631,Germany,Female,33,4,123246.7,1,0,0,112687.57,0,7-Apr,High,30-50,Fair,Inactive,Single Product
15692132,717,Spain,Female,22,6,101060.25,1,0,1,84699.56,0,7-Apr,High,Under 30,Good,Active,Single Product
15641122,684,France,Male,30,2,0,2,1,0,83473.82,0,0-3,Low,30-50,Good,Inactive,Multiple Products
15630910,800,France,Female,49,7,108007.36,1,0,0,47125.11,0,7-Apr,High,30-50,Excellent,Inactive,Single Product
15680772,721,Spain,Female,36,2,0,2,1,1,106977.8,0,0-3,Low,30-50,Good,Active,Multiple Products
15658929,683,Spain,Male,29,0,133702.89,1,1,0,55582.54,1,0-3,High,Under 30,Good,Inactive,Single Product
15585388,660,Germany,Male,31,9,125189.75,2,1,1,139874.43,0,8+,High,30-50,Fair,Active,Multiple Products
15724623,704,Germany,Female,24,7,113034.22,1,1,0,162503.48,1,7-Apr,High,Under 30,Good,Inactive,Single Product
15588537,615,Spain,Female,41,9,109013.23,1,1,0,196499.96,0,8+,High,30-50,Fair,Inactive,Single Product
15574692,667,Spain,Female,39,2,0,2,1,0,40721.24,1,0-3,Low,30-50,Fair,Inactive,Multiple Products
15611325,682,Germany,Male,24,9,57929.81,2,0,0,53134.3,0,8+,High,Under 30,Good,Inactive,Multiple Products
15587562,484,France,Female,29,4,130114.39,1,1,0,164017.89,0,7-Apr,High,Under 30,Poor,Inactive,Single Product
15613172,628,Germany,Male,27,5,95826.49,2,1,0,155996.96,0,7-Apr,High,Under 30,Fair,Inactive,Multiple Products
15651022,480,Germany,Male,44,10,129608.57,1,1,0,5472.7,1,8+,High,30-50,Poor,Inactive,Single Product
15586310,578,France,Male,30,4,169462.09,1,1,0,112187.11,0,7-Apr,High,30-50,Poor,Inactive,Single Product
15625524,512,France,Male,40,5,0,2,1,1,146457.83,0,7-Apr,Low,30-50,Poor,Active,Multiple Products
15755209,484,Spain,Female,35,7,133868.21,1,1,1,27286.1,0,7-Apr,High,30-50,Poor,Active,Single Product
15645248,510,France,Female,30,0,0,2,1,1,130553.47,0,0-3,Low,30-50,Poor,Active,Multiple Products
15790355,606,Germany,Male,36,5,190479.48,2,0,0,179351.89,0,7-Apr,High,30-50,Fair,Inactive,Multiple Products
15762615,597,Spain,Female,40,8,101993.12,1,0,1,94774.12,0,8+,High,30-50,Fair,Active,Single Product
15625426,754,Germany,Female,55,3,161608.81,1,1,0,8080.85,1,0-3,High,50+,Excellent,Inactive,Single Product
15716334,850,Spain,Female,45,2,122311.21,1,1,1,19482.5,0,0-3,High,30-50,Excellent,Active,Single Product
15789669,510,France,Male,65,2,0,2,1,1,48071.61,0,0-3,Low,50+,Poor,Active,Multiple Products
15621075,778,Germany,Female,45,1,162150.42,2,1,0,174531.27,0,0-3,High,30-50,Excellent,Inactive,Multiple Products
15810845,636,France,Male,42,2,0,2,1,1,55470.78,0,0-3,Low,30-50,Fair,Active,Multiple Products
15719377,804,France,Female,50,4,0,1,1,1,8546.87,1,7-Apr,Low,30-50,Excellent,Active,Single Product
15654506,514,France,Male,32,8,0,2,1,0,95857.18,0,8+,Low,30-50,Poor,Inactive,Multiple Products
15771977,730,France,Female,39,1,99010.67,1,1,0,194945.8,0,0-3,High,30-50,Good,Inactive,Single Product
15708710,525,Spain,Female,37,0,0,1,0,1,131521.72,0,0-3,Low,30-50,Poor,Active,Single Product
15726676,616,Spain,Male,30,5,0,2,0,1,196108.51,0,7-Apr,Low,30-50,Fair,Active,Multiple Products
15587421,687,Germany,Female,34,7,111388.18,2,1,0,148564.76,0,7-Apr,High,30-50,Good,Inactive,Multiple Products
15726931,715,France,Female,41,8,56214.85,2,0,0,92982.61,1,8+,High,30-50,Good,Inactive,Multiple Products
15771086,512,France,Female,36,3,84327.77,2,1,0,17675.36,0,0-3,High,30-50,Poor,Inactive,Multiple Products
15756850,479,France,Male,40,1,0,2,0,0,114996.43,0,0-3,Low,30-50,Poor,Inactive,Multiple Products
15702741,601,France,Male,32,8,93012.89,1,1,0,86957.42,0,8+,High,30-50,Fair,Inactive,Single Product
15679200,580,Spain,Male,29,9,61710.44,2,1,0,128077.8,0,8+,High,Under 30,Fair,Inactive,Multiple Products
15594815,807,France,Male,35,3,174790.15,1,1,1,600.36,0,0-3,High,30-50,Excellent,Active,Single Product
15635905,616,Spain,Female,32,6,0,2,1,1,43001.46,0,7-Apr,Low,30-50,Fair,Active,Multiple Products
15777892,721,Germany,Male,37,3,107720.64,1,1,1,158591.12,0,0-3,High,30-50,Good,Active,Single Product
15656176,501,France,Male,57,10,0,2,1,1,47847.19,0,8+,Low,50+,Poor,Active,Multiple Products
15811127,521,France,Male,35,6,96423.84,1,1,0,10488.44,0,7-Apr,High,30-50,Poor,Inactive,Single Product
15604482,850,Spain,Male,30,2,141040.01,1,1,1,5978.2,0,0-3,High,30-50,Excellent,Active,Single Product
15622911,759,France,Male,42,4,105420.18,1,0,1,121409.06,0,7-Apr,High,30-50,Excellent,Active,Single Product
15600974,516,Spain,Male,50,5,0,1,0,1,146145.93,1,7-Apr,Low,30-50,Poor,Active,Single Product
15727868,711,France,Female,38,2,129022.06,2,1,1,14374.86,1,0-3,High,30-50,Good,Active,Multiple Products
15627801,512,Spain,Male,33,3,176666.62,1,1,0,94670.77,0,0-3,High,30-50,Poor,Inactive,Single Product
15773039,550,France,Male,37,3,0,1,1,1,179670.31,0,0-3,Low,30-50,Poor,Active,Single Product
15755262,608,Spain,Female,41,3,89763.84,1,0,0,199304.74,1,0-3,High,30-50,Fair,Inactive,Single Product
15679531,618,France,Male,34,5,134954.53,1,1,1,151954.39,0,7-Apr,High,30-50,Fair,Active,Single Product
15684181,643,France,Male,45,5,0,1,1,0,142513.5,1,7-Apr,Low,30-50,Fair,Inactive,Single Product
15612087,671,France,Male,45,2,106376.85,1,0,1,158264.62,0,0-3,High,30-50,Good,Active,Single Product
15752047,689,Germany,Male,33,2,161814.64,2,1,0,169381.9,0,0-3,High,30-50,Good,Inactive,Multiple Products
15624592,603,France,Male,31,8,0,2,1,1,169915.02,0,8+,Low,30-50,Fair,Active,Multiple Products
15573152,620,France,Female,41,9,0,2,0,0,88852.47,0,8+,Low,30-50,Fair,Inactive,Multiple Products
15594917,676,France,Female,34,1,63095.01,1,1,1,40645.81,0,0-3,High,30-50,Good,Active,Single Product
15785542,572,Germany,Male,26,4,118287.01,2,0,0,60427.3,0,7-Apr,High,Under 30,Poor,Inactive,Multiple Products
15723488,668,Germany,Male,47,7,106854.21,1,0,1,157959.02,1,7-Apr,High,30-50,Fair,Active,Single Product
15680920,695,France,Male,46,7,49512.55,1,1,0,133007.34,0,7-Apr,Low,30-50,Good,Inactive,Single Product
15786308,730,Spain,Female,33,9,0,2,0,0,176576.62,0,8+,Low,30-50,Good,Inactive,Multiple Products
15659366,807,France,Male,43,1,105799.32,2,1,0,34888.04,1,0-3,High,30-50,Excellent,Inactive,Multiple Products
15774854,592,France,Male,54,8,0,1,1,1,28737.71,1,8+,Low,50+,Fair,Active,Single Product
15725311,726,France,Female,31,9,114722.05,2,1,1,98178.57,0,8+,High,30-50,Good,Active,Multiple Products
15787155,514,Spain,Male,30,7,0,1,0,1,125010.24,0,7-Apr,Low,30-50,Poor,Active,Single Product
15727829,567,France,Male,42,2,0,2,1,1,167984.61,0,0-3,Low,30-50,Poor,Active,Multiple Products
15733247,850,France,Male,33,10,0,1,1,0,4861.72,1,8+,Low,30-50,Excellent,Inactive,Single Product
15568748,671,Germany,Male,45,6,99564.22,1,1,1,108872.45,1,7-Apr,High,30-50,Good,Active,Single Product
15699029,670,France,Male,37,4,170557.91,2,1,0,198252.88,0,7-Apr,High,30-50,Good,Inactive,Multiple Products
15774393,694,France,Female,30,9,0,2,1,1,26960.31,0,8+,Low,30-50,Good,Active,Multiple Products
15676895,547,Germany,Female,39,6,74596.15,3,1,1,85746.52,1,7-Apr,High,30-50,Poor,Active,Multiple Products
15637753,751,Germany,Male,50,2,96888.39,1,1,0,77206.25,1,0-3,High,30-50,Excellent,Inactive,Single Product
15605461,594,Germany,Female,29,3,130830.22,1,1,0,61048.53,0,0-3,High,Under 30,Fair,Inactive,Single Product
15808473,673,France,Male,72,1,0,2,0,1,111981.19,0,0-3,Low,50+,Good,Active,Multiple Products
15627000,610,France,Male,40,0,0,2,1,0,62232.6,0,0-3,Low,30-50,Fair,Inactive,Multiple Products
15787174,512,France,Female,37,1,0,2,0,1,156105.03,0,0-3,Low,30-50,Poor,Active,Multiple Products
15723886,767,Germany,Male,20,3,119714.25,2,0,1,150135.38,0,0-3,High,Under 30,Excellent,Active,Multiple Products
15704769,585,France,Female,67,5,113978.97,2,0,1,93146.11,0,7-Apr,High,50+,Fair,Active,Multiple Products
15772896,763,Germany,Male,42,6,100160.75,1,1,0,33462.94,1,7-Apr,High,30-50,Excellent,Inactive,Single Product
15711540,712,France,Female,29,2,0,1,1,1,144375,0,0-3,Low,Under 30,Good,Active,Single Product
15764866,539,Germany,Female,43,3,116220.5,3,1,0,55803.96,1,0-3,High,30-50,Poor,Inactive,Multiple Products
15794056,668,France,Female,46,2,0,3,1,0,89048.46,1,0-3,Low,30-50,Fair,Inactive,Multiple Products
15795149,703,France,Male,28,2,81173.83,2,0,1,162812.16,0,0-3,High,Under 30,Good,Active,Multiple Products
15812009,662,Spain,Male,38,4,0,2,1,0,136259.65,0,7-Apr,Low,30-50,Fair,Inactive,Multiple Products
15651001,725,Germany,Female,39,5,116803.8,1,1,0,124052.97,0,7-Apr,High,30-50,Good,Inactive,Single Product
15813844,703,France,Male,37,8,105961.68,2,0,1,74158.8,0,8+,High,30-50,Good,Active,Multiple Products
15596175,659,Germany,Male,67,6,117411.6,1,1,1,45071.09,1,7-Apr,High,50+,Fair,Active,Single Product
15576269,523,Spain,Male,34,7,0,2,1,0,62030.06,0,7-Apr,Low,30-50,Poor,Inactive,Multiple Products
15797219,635,France,Female,40,10,123497.58,1,1,0,131953.23,1,8+,High,30-50,Fair,Inactive,Single Product
15685500,772,Germany,Male,26,7,152400.51,2,1,0,79414,0,7-Apr,High,Under 30,Excellent,Inactive,Multiple Products
15599792,545,France,Female,26,1,0,2,1,1,199638.56,0,0-3,Low,Under 30,Poor,Active,Multiple Products
15657566,634,Germany,Male,24,8,103097.85,1,1,1,157577.29,0,8+,High,Under 30,Fair,Active,Single Product
15772423,739,Germany,Male,54,8,126418.14,1,1,0,134420.75,1,8+,High,50+,Good,Inactive,Single Product
15628112,771,Germany,Female,36,5,77846.9,1,0,0,99805.99,0,7-Apr,High,30-50,Excellent,Inactive,Single Product
15753754,587,Spain,Female,34,1,0,2,1,1,97932.68,0,0-3,Low,30-50,Fair,Active,Multiple Products
15793726,681,France,Female,79,0,0,2,0,1,170968.99,0,0-3,Low,50+,Good,Active,Multiple Products
15694717,544,Germany,Male,37,2,79731.91,1,1,1,57558.95,0,0-3,High,30-50,Poor,Active,Single Product
15665834,696,Spain,Male,28,8,0,1,0,0,176713.47,0,8+,Low,Under 30,Good,Inactive,Single Product
15765297,766,Spain,Male,41,0,0,2,0,1,34283.23,0,0-3,Low,30-50,Excellent,Active,Multiple Products
15636684,727,France,Male,34,10,0,2,1,1,198637.34,0,8+,Low,30-50,Good,Active,Multiple Products
15592979,671,Germany,Female,34,6,37266.67,2,0,0,156917.12,0,7-Apr,Low,30-50,Good,Inactive,Multiple Products
15750803,693,France,Female,30,6,127992.25,1,1,1,50457.2,0,7-Apr,High,30-50,Good,Active,Single Product
15607178,850,Germany,Male,38,3,54901.01,1,1,1,140075.55,0,0-3,High,30-50,Excellent,Active,Single Product
15713853,732,Germany,Male,42,9,108748.08,2,1,1,65323.11,0,8+,High,30-50,Good,Active,Multiple Products
15673481,726,Spain,Female,48,6,99906.19,1,1,0,64323.24,0,7-Apr,High,30-50,Good,Inactive,Single Product
15686776,557,France,Female,32,6,184686.41,2,1,0,14956.44,0,7-Apr,High,30-50,Poor,Inactive,Multiple Products
15673693,682,France,Female,26,0,110654.02,1,0,1,111879.21,0,0-3,High,Under 30,Good,Active,Single Product
15700696,738,Spain,Male,31,9,79019.8,1,1,1,18606.23,0,8+,High,30-50,Good,Active,Single Product
15813163,531,Spain,Female,36,9,99240.51,1,1,0,123137.01,0,8+,High,30-50,Poor,Inactive,Single Product
15653857,498,France,Male,34,2,0,2,1,1,148528.24,0,0-3,Low,30-50,Poor,Active,Multiple Products
15777076,651,France,Male,36,7,0,2,1,0,13898.31,0,7-Apr,Low,30-50,Fair,Inactive,Multiple Products
15717398,549,Spain,Female,39,7,0,1,0,0,81259.25,1,7-Apr,Low,30-50,Poor,Inactive,Single Product
15799217,791,Germany,Female,35,7,52436.2,1,1,0,161051.75,0,7-Apr,High,30-50,Excellent,Inactive,Single Product
15787071,650,Spain,Male,41,9,0,2,0,1,191599.67,0,8+,Low,30-50,Fair,Active,Multiple Products
15619955,733,Germany,Male,34,3,100337.96,3,1,0,48559.19,1,0-3,High,30-50,Good,Inactive,Multiple Products
15796505,811,Germany,Female,34,1,149297.19,2,1,1,186339.74,0,0-3,High,30-50,Excellent,Active,Multiple Products
15725166,707,France,Male,30,8,0,2,1,0,33159.37,0,8+,Low,30-50,Good,Inactive,Multiple Products
15800116,712,Germany,Male,28,4,145605.44,1,0,1,93883.53,0,7-Apr,High,Under 30,Good,Active,Single Product
15758685,706,Spain,Female,37,7,0,2,1,1,110899.3,0,7-Apr,Low,30-50,Good,Active,Multiple Products
15694456,756,France,Male,62,3,0,1,1,1,11199.04,1,0-3,Low,50+,Excellent,Active,Single Product
15767339,777,France,Female,53,10,0,2,1,0,189992.97,0,8+,Low,50+,Excellent,Inactive,Multiple Products
15683562,646,France,Male,35,6,84026.86,1,0,1,164255.69,0,7-Apr,High,30-50,Fair,Active,Single Product
15782210,714,France,Male,46,1,0,1,1,0,152167.79,1,0-3,Low,30-50,Good,Inactive,Single Product
15668893,782,France,Male,39,8,0,2,1,1,33949.67,0,8+,Low,30-50,Excellent,Active,Multiple Products
15669169,775,Spain,Male,29,10,0,2,1,1,68143.93,0,8+,Low,Under 30,Excellent,Active,Multiple Products
15643024,479,Germany,Male,35,4,138718.92,1,1,1,47251.79,1,7-Apr,High,30-50,Poor,Active,Single Product
15699389,807,France,Male,42,7,118274.71,1,1,1,25885.72,0,7-Apr,High,30-50,Excellent,Active,Single Product
15708608,799,France,Female,22,8,174185.98,2,0,1,192633.85,0,8+,High,Under 30,Excellent,Active,Multiple Products
15626144,675,France,Male,40,7,113208.86,2,1,0,34577.36,0,7-Apr,High,30-50,Good,Inactive,Multiple Products
15573112,602,Spain,Male,29,5,103907.28,1,1,0,161229.84,0,7-Apr,High,Under 30,Fair,Inactive,Single Product
15790678,475,France,Female,32,8,119023.28,1,1,0,100816.29,0,8+,High,30-50,Poor,Inactive,Single Product
15727556,744,Spain,Female,26,5,166297.89,1,1,1,181694.44,0,7-Apr,High,Under 30,Excellent,Active,Single Product
15697307,588,Spain,Male,34,10,0,2,1,0,79078.91,0,8+,Low,30-50,Fair,Inactive,Multiple Products
15652266,703,Germany,Male,42,9,63227,1,0,1,137316.32,0,8+,High,30-50,Good,Active,Single Product
15607098,747,Spain,Female,41,5,94521.17,2,1,0,194926.86,0,7-Apr,High,30-50,Excellent,Inactive,Multiple Products
15655774,583,France,Male,27,7,0,2,1,0,51285.49,0,7-Apr,Low,Under 30,Fair,Inactive,Multiple Products
15590241,750,Spain,Female,34,9,112822.26,1,0,0,150401.53,1,8+,High,30-50,Excellent,Inactive,Single Product
15785819,681,France,Male,38,3,0,2,1,1,112491.96,0,0-3,Low,30-50,Good,Active,Multiple Products
15723654,773,France,Male,25,2,135903.33,1,1,0,73656.38,0,0-3,High,Under 30,Excellent,Inactive,Single Product
15774510,714,France,Female,31,4,125169.26,1,1,1,106636.89,0,7-Apr,High,30-50,Good,Active,Single Product
15684173,687,Spain,Female,44,7,0,3,1,0,155853.52,1,7-Apr,Low,30-50,Good,Inactive,Multiple Products
15650068,511,France,Male,58,0,149117.31,1,1,1,162599.51,0,0-3,High,50+,Poor,Active,Single Product
15811490,627,France,Male,33,5,0,2,1,1,103737.82,0,7-Apr,Low,30-50,Fair,Active,Multiple Products
15803976,694,France,Female,31,10,0,2,1,0,160990.27,0,8+,Low,30-50,Good,Inactive,Multiple Products
15682541,616,Spain,Female,36,6,132311.71,1,0,0,15462.84,0,7-Apr,High,30-50,Fair,Inactive,Single Product
15695699,687,France,Male,35,8,0,2,1,0,10334.05,0,8+,Low,30-50,Good,Inactive,Multiple Products
15624188,712,France,Female,33,6,0,2,1,1,190686.16,0,7-Apr,Low,30-50,Good,Active,Multiple Products
15812191,553,France,Male,33,4,118082.89,1,0,0,94440.45,0,7-Apr,High,30-50,Poor,Inactive,Single Product
15636673,667,France,Male,31,1,119266.69,1,1,1,28257.63,0,0-3,High,30-50,Fair,Active,Single Product
15594898,731,France,Male,43,2,0,1,1,1,170034.95,1,0-3,Low,30-50,Good,Active,Single Product
15660211,629,Germany,Male,35,7,156847.29,2,1,0,31824.29,0,7-Apr,High,30-50,Fair,Inactive,Multiple Products
15773972,614,France,Male,50,4,137104.47,1,1,0,127166.49,1,7-Apr,High,30-50,Fair,Inactive,Single Product
15746726,438,Germany,Male,31,8,78398.69,1,1,0,44937.01,0,8+,High,30-50,Poor,Inactive,Single Product
15712287,652,France,Female,80,4,0,2,1,1,188603.07,0,7-Apr,Low,50+,Fair,Active,Multiple Products
15702919,729,Germany,Male,30,6,63669.42,1,1,0,145111.37,0,7-Apr,High,30-50,Good,Inactive,Single Product
15674398,642,France,Male,38,3,0,2,0,0,171463.83,0,0-3,Low,30-50,Fair,Inactive,Multiple Products
15797960,806,Germany,Female,59,0,135296.33,1,1,0,182822.5,0,0-3,High,50+,Excellent,Inactive,Single Product
15631868,744,Spain,Male,36,2,153804.44,1,1,1,87213.33,0,0-3,High,30-50,Excellent,Active,Single Product
15581539,474,Spain,Male,37,3,0,2,0,0,57175.32,0,0-3,Low,30-50,Poor,Inactive,Multiple Products
15662736,559,France,Male,49,2,147069.78,1,1,0,120540.83,1,0-3,High,30-50,Poor,Inactive,Single Product
15666252,706,Spain,Male,42,9,0,2,1,1,28714.34,0,8+,Low,30-50,Good,Active,Multiple Products
15677512,628,Spain,Female,22,3,0,1,1,0,85426.28,0,0-3,Low,Under 30,Fair,Inactive,Single Product
15626114,429,France,Male,24,4,95741.75,1,1,0,46170.75,0,7-Apr,High,Under 30,Poor,Inactive,Single Product
15810834,525,Spain,Female,57,2,145965.33,1,1,1,64448.36,0,0-3,High,50+,Poor,Active,Single Product
15678910,680,France,Female,30,8,141441.75,1,1,1,16278.97,0,8+,High,30-50,Good,Active,Single Product
15694408,749,France,Male,40,1,139290.41,1,1,0,182855.42,1,0-3,High,30-50,Excellent,Inactive,Single Product
15585215,763,France,Female,31,4,0,2,0,0,50404.72,0,7-Apr,Low,30-50,Excellent,Inactive,Multiple Products
15682757,734,France,Male,30,3,0,2,1,0,107640.25,0,0-3,Low,30-50,Good,Inactive,Multiple Products
15736601,716,France,Male,35,4,144428.87,1,1,0,134132.65,0,7-Apr,High,30-50,Good,Inactive,Single Product
15601848,594,France,Male,35,2,0,2,1,0,103480.69,0,0-3,Low,30-50,Fair,Inactive,Multiple Products
15736008,644,France,Female,46,9,95441.27,1,1,0,108761.05,1,8+,High,30-50,Fair,Inactive,Single Product
15669064,671,Germany,Male,35,1,144848.74,1,1,1,179012.3,0,0-3,High,30-50,Good,Active,Single Product
15624528,664,Germany,Male,26,7,116244.14,2,1,1,95145.14,0,7-Apr,High,Under 30,Fair,Active,Multiple Products
15598493,656,France,Male,50,7,0,2,0,1,72143.44,0,7-Apr,Low,30-50,Fair,Active,Multiple Products
15601274,667,Spain,Female,40,1,146502.07,1,1,0,19162.89,0,0-3,High,30-50,Fair,Inactive,Single Product
15702669,663,Germany,Male,44,2,117028.6,2,0,1,144680.18,0,0-3,High,30-50,Fair,Active,Multiple Products
15728669,584,Germany,Female,30,8,112013.81,1,1,0,177772.03,1,8+,High,30-50,Fair,Inactive,Single Product
15742668,626,Spain,Female,37,6,108269.37,1,1,0,5597.94,0,7-Apr,High,30-50,Fair,Inactive,Single Product
15697441,485,France,Male,29,7,182123.79,1,1,0,116828.51,1,7-Apr,High,Under 30,Poor,Inactive,Single Product
15740476,659,Germany,Female,32,3,150923.74,2,0,1,174652.51,0,0-3,High,30-50,Fair,Active,Multiple Products
15648064,649,France,Male,33,2,0,2,1,0,2010.98,0,0-3,Low,30-50,Fair,Inactive,Multiple Products
15636624,805,Spain,Female,39,5,165272.13,1,1,0,14109.85,1,7-Apr,High,30-50,Excellent,Inactive,Single Product
15807923,716,Germany,Female,39,10,115301.31,1,1,0,43527.4,1,8+,High,30-50,Good,Inactive,Single Product
15745844,642,Germany,Female,40,6,129502.49,2,0,1,86099.23,1,7-Apr,High,30-50,Fair,Active,Multiple Products
15786170,659,France,Male,31,4,118342.26,1,0,0,161574.19,0,7-Apr,High,30-50,Fair,Inactive,Single Product
15681081,545,Spain,Female,47,5,0,2,1,1,38970.14,0,7-Apr,Low,30-50,Poor,Active,Multiple Products
15684484,543,France,Male,22,8,0,2,0,0,127587.22,0,8+,Low,Under 30,Poor,Inactive,Multiple Products
15785869,718,France,Female,25,7,0,2,1,0,30380.12,0,7-Apr,Low,Under 30,Good,Inactive,Multiple Products
15763859,840,France,Female,43,7,0,2,1,0,90908.95,0,7-Apr,Low,30-50,Excellent,Inactive,Multiple Products
15658935,630,Germany,Female,34,9,106937.05,2,1,0,138275.01,0,8+,High,30-50,Fair,Inactive,Multiple Products
15747358,643,Germany,Male,59,3,170331.37,1,1,1,32171.79,0,0-3,High,50+,Fair,Active,Single Product
15735203,654,Germany,Female,32,1,114510.85,1,1,1,126143.23,0,0-3,High,30-50,Fair,Active,Single Product
15576256,582,France,Male,39,5,0,2,1,1,129892.93,0,7-Apr,Low,30-50,Fair,Active,Multiple Products
15659420,659,Spain,Male,32,3,107594.11,2,1,1,102416.84,0,0-3,High,30-50,Fair,Active,Multiple Products
15593365,762,Spain,Male,39,2,81273.13,1,1,1,18719.67,0,0-3,High,30-50,Excellent,Active,Single Product
15777352,568,Spain,Female,32,7,169399.6,1,1,0,61936.22,0,7-Apr,High,30-50,Poor,Inactive,Single Product
15812007,670,Spain,Male,25,6,0,2,1,1,78358.94,0,7-Apr,Low,Under 30,Good,Active,Multiple Products
15625461,613,France,Female,45,1,187841.99,2,1,1,147224.27,0,0-3,High,30-50,Fair,Active,Multiple Products
15739438,539,France,Male,30,0,0,2,1,0,160979.66,0,0-3,Low,30-50,Poor,Inactive,Multiple Products
15611759,850,Spain,Female,57,8,126776.3,2,1,1,132298.49,0,8+,High,50+,Excellent,Active,Multiple Products
15661629,522,Spain,Male,34,9,126436.29,1,1,0,174248.52,1,8+,High,30-50,Poor,Inactive,Single Product
15633950,737,France,Male,41,1,101960.74,1,1,1,123547.28,0,0-3,High,30-50,Good,Active,Single Product
15592386,520,France,Male,58,3,0,2,0,1,32790.02,0,0-3,Low,50+,Poor,Active,Multiple Products
15803716,706,Spain,Male,28,3,0,2,0,1,181543.67,0,0-3,Low,Under 30,Good,Active,Multiple Products
15696674,643,Germany,Female,45,2,150842.93,1,0,1,2319.96,1,0-3,High,30-50,Fair,Active,Single Product
15706365,648,France,Female,50,9,102535.57,1,1,1,189543.19,0,8+,High,30-50,Fair,Active,Single Product
15745088,443,Germany,Female,29,9,99027.61,2,1,0,10940.4,0,8+,High,Under 30,Poor,Inactive,Multiple Products
15676715,640,France,Male,68,9,0,2,1,1,199493.38,0,8+,Low,50+,Fair,Active,Multiple Products
15613085,628,Spain,Female,33,3,0,1,1,1,188193.25,0,0-3,Low,30-50,Fair,Active,Single Product
15633537,540,Germany,Female,42,9,87271.41,2,1,0,172572.64,0,8+,High,30-50,Poor,Inactive,Multiple Products
15594720,460,Germany,Female,35,8,102742.91,2,1,1,189339.6,0,8+,High,30-50,Poor,Active,Multiple Products
15684042,636,Germany,Male,34,2,40105.51,2,0,1,53512.16,0,0-3,Low,30-50,Fair,Active,Multiple Products
15583303,593,France,Female,29,2,152265.43,1,1,0,34004.44,0,0-3,High,Under 30,Fair,Inactive,Single Product
15611579,801,Spain,Male,42,4,141947.67,1,1,1,10598.29,0,7-Apr,High,30-50,Excellent,Active,Single Product
15774696,640,Germany,Female,75,1,106307.91,2,0,1,113428.77,0,0-3,High,50+,Fair,Active,Multiple Products
15694506,611,Germany,Male,31,0,107884.81,2,1,1,183487.98,0,0-3,High,30-50,Fair,Active,Multiple Products
15688074,802,Germany,Male,31,1,125013.72,1,1,1,187658.09,0,0-3,High,30-50,Excellent,Active,Single Product
15759537,717,Germany,Male,35,7,58469.37,2,1,1,172459.39,0,7-Apr,High,30-50,Good,Active,Multiple Products
15758449,769,France,Female,39,8,0,1,0,1,21016,0,8+,Low,30-50,Excellent,Active,Single Product
15583456,745,Germany,Male,45,10,117231.63,3,1,1,122381.02,1,8+,High,30-50,Excellent,Active,Multiple Products
15667871,572,Spain,Male,35,4,152390.26,1,1,0,128123.66,0,7-Apr,High,30-50,Poor,Inactive,Single Product
15677371,629,Spain,Female,30,2,34013.63,1,1,0,19570.63,0,0-3,Low,30-50,Fair,Inactive,Single Product
15629677,687,Spain,Female,39,2,0,3,0,0,188150.6,1,0-3,Low,30-50,Good,Inactive,Multiple Products
15713578,483,France,Female,50,9,0,2,1,1,111020.24,0,8+,Low,30-50,Poor,Active,Multiple Products
15591509,690,France,Male,36,7,101583.11,2,1,0,123775.15,0,7-Apr,High,30-50,Good,Inactive,Multiple Products
15568240,492,Germany,Female,30,10,77168.87,2,0,1,146700.22,0,8+,High,30-50,Poor,Active,Multiple Products
15622993,709,Germany,Male,28,8,124695.72,2,1,0,145251.35,0,8+,High,Under 30,Good,Inactive,Multiple Products
15689294,705,Germany,Male,44,3,105934.96,1,1,0,82463.69,0,0-3,High,30-50,Good,Inactive,Single Product
15720910,560,France,Female,66,9,0,1,1,1,15928.49,0,8+,Low,50+,Poor,Active,Single Product
15721181,611,Spain,Male,46,6,0,2,1,0,45886.33,0,7-Apr,Low,30-50,Fair,Inactive,Multiple Products
15776433,730,Spain,Male,62,2,0,2,1,1,186489.95,0,0-3,Low,50+,Good,Active,Multiple Products
15748936,709,Spain,Female,45,2,0,2,0,1,162922.65,0,0-3,Low,30-50,Good,Active,Multiple Products
15717225,544,France,Female,21,10,161525.96,2,1,0,9262.77,0,8+,High,Under 30,Poor,Inactive,Multiple Products
15685226,712,Germany,Female,29,7,147199.07,1,1,1,84932.4,0,7-Apr,High,Under 30,Good,Active,Single Product
15785611,752,Germany,Male,38,3,183102.29,1,1,1,71557.12,0,0-3,High,30-50,Excellent,Active,Single Product
15573456,648,Spain,Male,46,9,127209,2,1,0,77405.95,1,8+,High,30-50,Fair,Inactive,Multiple Products
15684548,556,Spain,Male,38,8,0,2,0,0,417.41,1,8+,Low,30-50,Poor,Inactive,Multiple Products
15620505,594,Spain,Female,24,0,97378.54,1,1,1,71405.17,0,0-3,High,Under 30,Fair,Active,Single Product
15807432,645,Germany,Female,37,2,136925.09,2,0,1,153400.24,0,0-3,High,30-50,Fair,Active,Multiple Products
15584766,557,France,Male,33,3,54503.55,1,1,1,371.05,0,0-3,High,30-50,Poor,Active,Single Product
15612187,547,Germany,Male,32,8,155726.85,1,1,0,67789.99,0,8+,High,30-50,Poor,Inactive,Single Product
15762218,701,France,Female,39,9,0,2,0,1,145894.9,0,8+,Low,30-50,Good,Active,Multiple Products
15646372,616,France,Female,66,1,135842.41,1,1,0,183840.51,1,0-3,High,50+,Fair,Inactive,Single Product
15690452,605,France,Male,52,1,63349.75,1,1,0,108887.44,0,0-3,High,50+,Fair,Inactive,Single Product
15747795,593,Germany,Female,38,4,129499.42,1,1,1,154071.27,0,7-Apr,High,30-50,Fair,Active,Single Product
15781589,751,Spain,Male,52,8,0,2,0,1,179291.85,0,8+,Low,50+,Excellent,Active,Multiple Products
15732674,443,Spain,Male,36,6,70438.01,2,0,1,56937.43,0,7-Apr,High,30-50,Poor,Active,Multiple Products
15642291,685,France,Male,23,8,0,2,1,1,112239.03,0,8+,Low,Under 30,Good,Active,Multiple Products
15692761,718,France,Male,36,9,0,1,1,0,45909.87,0,8+,Low,30-50,Good,Inactive,Single Product
15578045,538,Spain,Female,49,9,141434.04,1,0,0,173779.25,1,8+,High,30-50,Poor,Inactive,Single Product
15745354,611,Spain,Female,37,4,0,2,1,0,125696.26,0,7-Apr,Low,30-50,Fair,Inactive,Multiple Products
15701376,668,Germany,Male,37,10,152958.29,2,1,1,159585.61,0,8+,High,30-50,Fair,Active,Multiple Products
15691625,537,Germany,Female,41,3,138306.34,1,1,0,106761.47,0,0-3,High,30-50,Poor,Inactive,Single Product
15566594,709,Spain,Male,23,10,0,2,0,0,129590.18,0,8+,Low,Under 30,Good,Inactive,Multiple Products
15760431,850,France,Male,38,1,0,2,1,1,80006.65,0,0-3,Low,30-50,Excellent,Active,Multiple Products
15686302,745,Spain,Female,31,3,124328.84,1,1,1,140451.52,0,0-3,High,30-50,Excellent,Active,Single Product
15801559,693,Germany,Female,41,9,181461.48,3,1,1,187929.43,1,8+,High,30-50,Good,Active,Multiple Products
15810432,795,Spain,Male,35,8,0,2,1,0,167155.36,0,8+,Low,30-50,Excellent,Inactive,Multiple Products
15809616,626,Spain,Male,26,8,0,2,0,0,191420.71,0,8+,Low,Under 30,Fair,Inactive,Multiple Products
15720559,487,Germany,Female,61,5,110368.03,1,0,0,11384.45,1,7-Apr,High,50+,Poor,Inactive,Single Product
15695632,556,France,Female,39,9,89588.35,1,1,1,94898.1,0,8+,High,30-50,Poor,Active,Single Product
15659843,643,France,Female,46,6,0,2,0,0,106781.59,0,7-Apr,Low,30-50,Fair,Inactive,Multiple Products
15615624,605,France,Female,28,6,0,2,0,0,159508.52,0,7-Apr,Low,Under 30,Fair,Inactive,Multiple Products
15810418,756,Germany,Female,60,3,115924.89,1,1,0,93524.19,1,0-3,High,50+,Excellent,Inactive,Single Product
15716186,586,France,Female,38,2,0,2,1,0,87168.46,0,0-3,Low,30-50,Fair,Inactive,Multiple Products
15674551,535,Germany,Male,40,7,111756.5,1,1,0,8128.32,1,7-Apr,High,30-50,Poor,Inactive,Single Product
15622834,678,France,Female,35,4,0,1,1,0,125518.32,0,7-Apr,Low,30-50,Good,Inactive,Single Product
15566111,596,France,Male,39,9,0,1,1,0,48963.59,0,8+,Low,30-50,Fair,Inactive,Single Product
15784597,648,France,Male,26,9,162923.85,1,1,0,98368.24,0,8+,High,Under 30,Fair,Inactive,Single Product
15652883,492,Germany,Male,39,10,124576.65,2,1,0,148584.61,0,8+,High,30-50,Poor,Inactive,Multiple Products
15806964,702,France,Male,45,0,80793.58,1,1,1,27474.81,0,0-3,High,30-50,Good,Active,Single Product
15576313,486,Germany,Female,40,9,71340.09,1,1,0,76192.21,0,8+,High,30-50,Poor,Inactive,Single Product
15806467,568,Germany,Male,40,1,99282.63,1,0,0,134600.94,1,0-3,High,30-50,Poor,Inactive,Single Product
15597602,619,Germany,Male,57,3,137946.39,1,1,1,72467.99,1,0-3,High,50+,Fair,Active,Single Product
15743040,724,Germany,Male,41,2,127892.57,2,0,1,199645.45,0,0-3,High,30-50,Good,Active,Multiple Products
15705521,548,Germany,Female,33,0,101084.36,1,1,0,42749.85,0,0-3,High,30-50,Poor,Inactive,Single Product
15595039,545,Germany,Female,37,8,114754.08,1,1,0,136050.44,1,8+,High,30-50,Poor,Inactive,Single Product
15799384,683,France,Male,33,8,0,1,0,0,73564.44,0,8+,Low,30-50,Good,Inactive,Single Product
15581197,762,France,Female,51,3,99286.98,1,0,1,85578.63,0,0-3,High,50+,Excellent,Active,Single Product
15693737,627,Germany,Female,30,4,79871.02,2,1,0,129826.89,0,7-Apr,High,30-50,Fair,Inactive,Multiple Products
15624623,516,France,Male,35,10,104088.59,2,0,0,119666,0,8+,High,30-50,Poor,Inactive,Multiple Products
15783501,800,France,Female,38,2,168190.33,2,1,0,68052.08,0,0-3,High,30-50,Excellent,Inactive,Multiple Products
15690134,464,Germany,Female,42,3,85679.25,1,1,1,164104.74,0,0-3,High,30-50,Poor,Active,Single Product
15782735,626,France,Female,35,3,0,1,0,0,80190.36,0,0-3,Low,30-50,Fair,Inactive,Single Product
15611088,790,France,Female,31,9,0,2,1,0,84126.75,0,8+,Low,30-50,Excellent,Inactive,Multiple Products
15672145,534,France,Female,34,7,121551.58,2,1,1,70179,0,7-Apr,High,30-50,Poor,Active,Multiple Products
15732628,745,France,Male,46,2,122220.19,1,1,1,118024.1,0,0-3,High,30-50,Excellent,Active,Single Product
15787470,553,Spain,Male,47,3,116528.15,1,0,0,145704.19,1,0-3,High,30-50,Poor,Inactive,Single Product
15803406,748,France,Female,26,1,77780.29,1,0,1,183049.41,0,0-3,High,Under 30,Excellent,Active,Single Product
15730460,722,France,Male,37,2,0,1,0,0,120906.83,0,0-3,Low,30-50,Good,Inactive,Single Product
15644572,501,France,Male,40,4,125832.2,1,1,1,100433.83,0,7-Apr,High,30-50,Poor,Active,Single Product
15694860,675,France,Female,38,6,68065.8,1,0,0,138777,1,7-Apr,High,30-50,Good,Inactive,Single Product
15658169,778,Spain,Female,47,6,127299.34,2,1,0,124694.99,0,7-Apr,High,30-50,Excellent,Inactive,Multiple Products
15794396,494,Germany,Female,38,7,174937.64,1,1,0,40084.32,0,7-Apr,High,30-50,Poor,Inactive,Single Product
15785798,850,France,Male,40,9,0,2,0,1,119232.33,0,8+,Low,30-50,Excellent,Active,Multiple Products
15710825,592,Spain,Male,31,7,110071.1,1,0,0,43921.36,0,7-Apr,High,30-50,Fair,Inactive,Single Product
15668444,590,Spain,Female,44,3,139432.37,1,1,0,62222.81,0,0-3,High,30-50,Fair,Inactive,Single Product
15726631,758,France,Female,39,6,127357.76,1,0,1,56577,0,7-Apr,High,30-50,Excellent,Active,Single Product
15733797,506,France,Male,36,5,0,2,1,0,164253.35,0,7-Apr,Low,30-50,Poor,Inactive,Multiple Products
15747960,733,France,Male,33,3,0,1,1,1,7666.73,0,0-3,Low,30-50,Good,Active,Single Product
15634632,711,France,Male,38,3,0,2,1,0,68487.51,0,0-3,Low,30-50,Good,Inactive,Multiple Products
15707362,514,Germany,Male,43,1,95556.31,1,0,1,199273.98,1,0-3,High,30-50,Poor,Active,Single Product
15662976,637,Spain,Male,37,8,0,1,1,1,186062.36,0,8+,Low,30-50,Fair,Active,Single Product
15732778,468,Germany,Male,29,1,111681.98,2,1,1,195711.16,0,0-3,High,Under 30,Poor,Active,Multiple Products
15718443,539,France,Male,39,3,0,2,1,0,36692.17,0,0-3,Low,30-50,Poor,Inactive,Multiple Products
15670039,509,Spain,Female,25,3,108738.71,2,1,0,106920.57,0,0-3,High,Under 30,Poor,Inactive,Multiple Products
15773792,662,France,Female,32,4,133950.37,1,1,1,48725.68,1,7-Apr,High,30-50,Fair,Active,Single Product
15613786,818,Spain,Male,26,4,0,2,1,1,167036.94,0,7-Apr,Low,Under 30,Excellent,Active,Multiple Products
15726032,608,France,Male,33,9,89968.69,1,1,0,68777.26,0,8+,High,30-50,Fair,Inactive,Single Product
15663252,850,Spain,Female,32,9,0,2,1,1,18924.92,0,8+,Low,30-50,Excellent,Active,Multiple Products
15593782,816,Germany,Female,38,5,130878.75,3,1,0,71905.77,1,7-Apr,High,30-50,Excellent,Inactive,Multiple Products
15633283,536,France,Male,35,8,0,2,1,0,64833.28,0,8+,Low,30-50,Poor,Inactive,Multiple Products
15749167,753,France,Male,35,3,0,2,1,1,184843.77,0,0-3,Low,30-50,Excellent,Active,Multiple Products
15759298,631,Spain,Male,27,10,134169.62,1,1,1,176730.02,0,8+,High,Under 30,Fair,Active,Single Product
15683625,703,France,Male,37,1,149762.08,1,1,0,20629.4,1,0-3,High,30-50,Good,Inactive,Single Product
15635367,774,France,Male,26,2,93844.69,1,1,0,28415.36,0,0-3,High,Under 30,Excellent,Inactive,Single Product
15681705,785,France,Male,28,8,0,2,1,0,77231.27,0,8+,Low,Under 30,Excellent,Inactive,Multiple Products
15603156,571,France,Female,33,1,0,2,1,0,102750.7,0,0-3,Low,30-50,Poor,Inactive,Multiple Products
15591986,621,Germany,Male,46,6,141078.37,1,0,0,34580.8,1,7-Apr,High,30-50,Fair,Inactive,Single Product
15798888,605,Germany,Female,31,1,117992.59,1,1,1,183598.77,0,0-3,High,30-50,Fair,Active,Single Product
15809722,611,France,Female,40,8,100812.33,2,1,0,147358.27,0,8+,High,30-50,Fair,Inactive,Multiple Products
15677538,569,France,Male,38,7,0,1,1,1,108469.2,0,7-Apr,Low,30-50,Poor,Active,Single Product
15797736,658,France,Male,29,4,80262.6,1,1,1,20612.82,0,7-Apr,High,Under 30,Fair,Active,Single Product
15695585,788,Spain,Male,34,6,156478.62,1,0,1,181196.76,0,7-Apr,High,30-50,Excellent,Active,Single Product
15744398,525,France,Female,23,5,0,2,1,0,160249.1,0,7-Apr,Low,Under 30,Poor,Inactive,Multiple Products
15750658,798,France,Male,37,8,0,3,0,0,110783.28,0,8+,Low,30-50,Excellent,Inactive,Multiple Products
15578186,486,Germany,Male,37,9,115217.99,2,1,0,144995.33,0,8+,High,30-50,Poor,Inactive,Multiple Products
15676519,615,Spain,Male,61,9,0,2,1,0,150227.85,1,8+,Low,50+,Fair,Inactive,Multiple Products
15637954,730,France,Female,35,0,155470.55,1,1,1,53718.28,0,0-3,High,30-50,Good,Active,Single Product
15758639,641,France,Male,37,7,0,2,1,0,75248.3,0,7-Apr,Low,30-50,Fair,Inactive,Multiple Products
15613772,542,France,Male,39,3,135096.77,1,1,1,14353.43,1,0-3,High,30-50,Poor,Active,Single Product
15731744,692,France,Male,30,2,0,2,0,1,130486.57,0,0-3,Low,30-50,Good,Active,Multiple Products
15807709,714,Germany,Female,55,9,180075.22,1,1,1,100127.71,0,8+,High,50+,Good,Active,Single Product
15714689,591,Spain,Male,29,1,97541.24,1,1,1,196356.17,0,0-3,High,Under 30,Fair,Active,Single Product
15699005,710,France,Female,41,2,156067.05,1,1,1,9983.88,0,0-3,High,30-50,Good,Active,Single Product
15624170,639,France,Female,38,4,81550.94,2,0,1,118974.77,0,7-Apr,High,30-50,Fair,Active,Multiple Products
15725679,531,France,Female,47,6,0,1,0,0,194998.34,1,7-Apr,Low,30-50,Poor,Inactive,Single Product
15585865,673,France,Female,38,2,170061.92,2,0,0,134901.34,1,0-3,High,30-50,Good,Inactive,Multiple Products
15804256,765,Germany,Male,36,8,92310.54,2,1,1,72924.56,0,8+,High,30-50,Excellent,Active,Multiple Products
15662403,622,France,Female,32,6,169089.38,2,1,0,101057.95,0,7-Apr,High,30-50,Fair,Inactive,Multiple Products
15733616,806,France,Male,40,5,80613.93,1,1,1,142838.64,0,7-Apr,High,30-50,Excellent,Active,Single Product
15591995,757,Germany,Male,26,8,121581.56,2,1,1,127059.04,0,8+,High,Under 30,Excellent,Active,Multiple Products
15677020,570,France,Female,58,8,0,1,0,1,116503.92,1,8+,Low,50+,Poor,Active,Single Product
15727688,555,Spain,Male,32,4,0,2,1,1,54405.79,0,7-Apr,Low,30-50,Poor,Active,Multiple Products
15715941,692,France,Male,54,5,0,2,1,1,88721.84,0,7-Apr,Low,50+,Good,Active,Multiple Products
15714485,774,France,Male,60,5,85891.55,1,1,0,74135.48,1,7-Apr,High,50+,Excellent,Inactive,Single Product
15730059,638,Spain,Male,44,9,77637.35,2,1,1,111346.22,0,8+,High,30-50,Fair,Active,Multiple Products
15715527,543,Spain,Female,41,4,0,1,0,0,194902.16,0,7-Apr,Low,30-50,Poor,Inactive,Single Product
15576623,584,France,Male,31,5,0,2,1,0,31474.27,0,7-Apr,Low,30-50,Fair,Inactive,Multiple Products
15805565,691,Germany,Male,30,7,116927.89,1,1,0,21198.39,0,7-Apr,High,30-50,Good,Inactive,Single Product
15677307,684,Germany,Female,40,6,137326.65,1,1,0,186976.6,0,7-Apr,High,30-50,Good,Inactive,Single Product
15773890,733,France,Male,22,5,0,2,1,1,117202.19,0,7-Apr,Low,Under 30,Good,Active,Multiple Products
15598883,599,Spain,Female,37,2,0,2,1,1,143739.29,0,0-3,Low,30-50,Fair,Active,Multiple Products
15568506,524,Germany,Female,31,10,67238.98,2,1,1,161811.23,0,8+,High,30-50,Poor,Active,Multiple Products
15761043,632,Germany,Female,38,6,86569.76,2,1,0,98090.91,0,7-Apr,High,30-50,Fair,Inactive,Multiple Products
15782236,735,Spain,Male,34,5,0,2,0,0,71095.41,0,7-Apr,Low,30-50,Good,Inactive,Multiple Products
15593601,734,France,Male,34,6,133598.4,1,1,1,13107.24,0,7-Apr,High,30-50,Good,Active,Single Product
15682048,605,France,Female,51,3,136188.78,1,1,1,67110.59,1,0-3,High,50+,Fair,Active,Single Product
15746902,793,Spain,Male,38,9,0,2,1,0,88225.02,0,8+,Low,30-50,Excellent,Inactive,Multiple Products
15752081,468,France,Female,56,10,0,3,0,1,62256.87,1,8+,Low,50+,Poor,Active,Multiple Products
15781307,779,Germany,Male,37,7,120092.52,2,1,0,135925.72,0,7-Apr,High,30-50,Excellent,Inactive,Multiple Products
15775912,698,France,Male,48,4,101238.24,2,0,1,177815.87,1,7-Apr,High,30-50,Good,Active,Multiple Products
15745417,707,France,Male,58,6,89685.92,1,0,1,126471.13,0,7-Apr,High,50+,Good,Active,Single Product
15671256,850,France,Female,35,1,211774.31,1,1,0,188574.12,1,0-3,High,30-50,Excellent,Inactive,Single Product
15653547,850,France,Male,56,7,131317.48,1,1,1,119175.45,0,7-Apr,High,50+,Excellent,Active,Single Product
15595766,527,Spain,Male,37,5,93722.73,2,1,1,139093.73,0,7-Apr,High,30-50,Poor,Active,Multiple Products
15742358,696,Germany,Male,32,8,101160.99,1,1,1,115916.55,0,8+,High,30-50,Good,Active,Single Product
15763274,661,France,Male,48,3,120320.54,1,0,0,96463.25,0,0-3,High,30-50,Fair,Inactive,Single Product
15786063,776,France,Female,31,2,0,2,1,1,112349.51,0,0-3,Low,30-50,Excellent,Active,Multiple Products
15600258,701,France,Male,43,2,0,2,1,1,165303.79,0,0-3,Low,30-50,Good,Active,Multiple Products
15573318,610,France,Male,26,8,0,2,1,0,166031.08,0,8+,Low,Under 30,Fair,Inactive,Multiple Products
15653849,572,Germany,Female,48,3,152827.99,1,1,0,38411.79,1,0-3,High,30-50,Poor,Inactive,Single Product
15694272,673,France,Male,30,1,64097.75,1,1,1,77783.35,0,0-3,High,30-50,Good,Active,Single Product
15736112,519,Spain,Female,57,2,119035.35,2,1,1,29871.79,0,0-3,High,50+,Poor,Active,Multiple Products
15749851,702,Spain,Female,26,4,135219.57,1,0,1,59747.63,0,7-Apr,High,Under 30,Good,Active,Single Product
15663478,729,France,Male,32,6,93694.42,1,1,1,79919.13,0,7-Apr,High,30-50,Good,Active,Single Product
15592300,543,Spain,Male,35,10,59408.63,1,1,0,76773.53,0,8+,High,30-50,Poor,Inactive,Single Product
15567832,550,France,Female,40,7,114354.95,1,1,0,54018.93,0,7-Apr,High,30-50,Poor,Inactive,Single Product
15776780,608,France,Male,59,1,0,1,1,0,70649.64,1,0-3,Low,50+,Fair,Inactive,Single Product
15592846,639,Germany,Male,35,10,128173.9,2,1,0,59093.39,0,8+,High,30-50,Fair,Inactive,Multiple Products
15739803,686,Spain,Male,34,9,0,2,1,0,127569.8,0,8+,Low,30-50,Good,Inactive,Multiple Products
15794142,564,Germany,Female,62,5,114931.35,3,0,1,18260.98,1,7-Apr,High,50+,Poor,Active,Multiple Products
15762729,745,Germany,Female,28,1,111071.36,1,1,0,73275.96,1,0-3,High,Under 30,Excellent,Inactive,Single Product
15667896,833,France,Male,37,8,151226.18,2,1,1,136129.49,0,8+,High,30-50,Excellent,Active,Multiple Products
15626578,622,France,Male,26,9,0,2,1,1,153237.59,0,8+,Low,Under 30,Fair,Active,Multiple Products
15776223,597,France,Female,42,4,64740.12,1,1,1,106841.12,0,7-Apr,High,30-50,Fair,Active,Single Product
15705953,721,Spain,Male,51,0,169312.13,1,1,0,109078.35,1,0-3,High,50+,Good,Inactive,Single Product
15802593,504,France,Female,49,7,0,3,0,1,87822.14,1,7-Apr,Low,30-50,Poor,Active,Multiple Products
15615457,842,Spain,Female,44,2,112652.08,2,1,0,126644.98,0,0-3,High,30-50,Excellent,Inactive,Multiple Products
15708916,587,France,Male,38,0,0,2,1,0,47414.15,0,0-3,Low,30-50,Fair,Inactive,Multiple Products
15720187,479,Germany,Female,30,7,143964.36,2,1,0,41879.99,0,7-Apr,High,30-50,Poor,Inactive,Multiple Products
15595440,508,France,Male,49,7,122451.46,2,1,1,75808.1,0,7-Apr,High,30-50,Poor,Active,Multiple Products
15600651,749,France,Male,24,1,0,3,1,1,47911.03,0,0-3,Low,Under 30,Excellent,Active,Multiple Products
15750141,721,Germany,Female,36,3,65253.07,2,1,0,28737.78,0,0-3,High,30-50,Good,Inactive,Multiple Products
15657284,674,Germany,Male,47,6,106901.94,1,1,1,2079.2,1,7-Apr,High,30-50,Good,Active,Single Product
15763063,685,Spain,Female,25,10,128509.63,1,1,0,121562.33,0,8+,High,Under 30,Good,Inactive,Single Product
15709324,417,France,Male,34,7,0,2,1,0,55003.79,0,7-Apr,Low,30-50,Poor,Inactive,Multiple Products
15711309,574,Germany,Male,33,3,129834.67,1,1,0,193131.42,0,0-3,High,30-50,Poor,Inactive,Single Product
15775318,590,Spain,Female,51,3,154962.99,3,0,1,191932.27,1,0-3,High,50+,Fair,Active,Multiple Products
15705515,587,Germany,Male,40,5,138241.9,2,1,0,159418.1,0,7-Apr,High,30-50,Fair,Inactive,Multiple Products
15634844,598,Germany,Male,41,3,91536.93,1,1,0,191468.78,1,0-3,High,30-50,Fair,Inactive,Single Product
15717046,741,Spain,Male,53,3,0,2,1,1,38913.68,0,0-3,Low,50+,Excellent,Active,Multiple Products
15571816,850,Spain,Female,70,5,0,1,1,1,705.18,0,7-Apr,Low,50+,Excellent,Active,Single Product
15670080,584,Germany,Female,29,7,105204.01,1,0,1,138490.03,0,7-Apr,High,Under 30,Fair,Active,Single Product
15800440,650,Spain,Male,61,1,152968.73,1,0,1,82970.69,0,0-3,High,50+,Fair,Active,Single Product
15665678,607,Spain,Male,36,8,158261.68,1,1,1,76744.72,0,8+,High,30-50,Fair,Active,Single Product
15665956,509,France,Female,46,1,0,1,1,0,71244.59,1,0-3,Low,30-50,Poor,Inactive,Single Product
15788126,689,Spain,Female,38,6,121021.05,1,1,1,12182.15,0,7-Apr,High,30-50,Good,Active,Single Product
15811773,543,France,Male,36,4,0,2,1,1,141210.5,0,7-Apr,Low,30-50,Poor,Active,Multiple Products
15651674,438,Spain,Female,54,2,0,1,0,0,191763.07,1,0-3,Low,50+,Poor,Inactive,Single Product
15689614,687,Spain,Female,63,1,137715.66,1,1,1,37938.74,0,0-3,High,50+,Good,Active,Single Product
15795564,737,Germany,Male,31,5,121192.22,2,1,1,74890.58,0,7-Apr,High,30-50,Good,Active,Multiple Products
15706647,761,France,Male,31,7,0,3,1,1,166698.18,0,7-Apr,Low,30-50,Excellent,Active,Multiple Products
15728505,601,France,Male,44,1,100486.18,2,1,1,62678.53,0,0-3,High,30-50,Fair,Active,Multiple Products
15730076,651,France,Male,45,1,0,1,1,0,67740.08,1,0-3,Low,30-50,Fair,Inactive,Single Product
15622003,745,France,Male,35,9,92566.53,2,1,0,161519.77,0,8+,High,30-50,Excellent,Inactive,Multiple Products
15607312,648,Spain,Female,49,10,0,2,1,1,159835.78,1,8+,Low,30-50,Fair,Active,Multiple Products
15644753,848,Spain,Male,40,3,110929.96,1,1,1,30876.84,0,0-3,High,30-50,Excellent,Active,Single Product
15653620,546,France,Female,27,8,0,2,1,1,14858.1,0,8+,Low,Under 30,Poor,Active,Multiple Products
15761986,439,Spain,Female,32,3,138901.61,1,1,0,75685.97,0,0-3,High,30-50,Poor,Inactive,Single Product
15633922,755,France,Male,30,4,123217.66,2,0,1,144183.1,0,7-Apr,High,30-50,Excellent,Active,Multiple Products
15734674,593,France,Female,41,6,0,1,1,0,65170.66,0,7-Apr,Low,30-50,Fair,Inactive,Single Product
15658032,701,France,Male,39,2,0,2,1,1,82526.92,0,0-3,Low,30-50,Good,Active,Multiple Products
15692671,701,Spain,Male,36,8,0,2,1,0,169161.46,0,8+,Low,30-50,Good,Inactive,Multiple Products
15737741,607,Spain,Female,33,2,108431.87,2,0,1,109291.39,1,0-3,High,30-50,Fair,Active,Multiple Products
15576352,586,Spain,Female,57,3,0,2,0,1,6057.81,0,0-3,Low,50+,Fair,Active,Multiple Products
15753719,547,Germany,Female,30,9,72392.41,1,1,0,77077.14,0,8+,High,30-50,Poor,Inactive,Single Product
15803689,647,Germany,Female,51,1,119741.77,2,0,0,54954.51,1,0-3,High,50+,Fair,Inactive,Multiple Products
15718057,760,France,Female,51,2,100946.71,1,0,0,179614.8,1,0-3,High,50+,Excellent,Inactive,Single Product
15722010,621,Spain,Male,53,9,170491.84,1,1,0,35588.07,1,8+,High,50+,Fair,Inactive,Single Product
15680998,725,France,Male,44,5,0,1,1,1,117356.14,0,7-Apr,Low,30-50,Good,Active,Single Product
15614782,526,France,Male,36,1,0,1,1,0,160696.72,0,0-3,Low,30-50,Poor,Inactive,Single Product
15591047,519,Spain,Female,47,6,157296.02,2,0,0,147278.43,1,7-Apr,High,30-50,Poor,Inactive,Multiple Products
15788291,713,Germany,Female,38,7,144606.22,1,1,1,56594.36,1,7-Apr,High,30-50,Good,Active,Single Product
15604044,700,France,Male,38,8,134811.3,1,1,0,1299.75,0,8+,High,30-50,Good,Inactive,Single Product
15679587,666,France,Female,34,9,115897.12,1,1,1,25095.03,0,8+,High,30-50,Fair,Active,Single Product
15775153,630,Spain,Male,32,4,82034,1,0,0,146326.45,0,7-Apr,High,30-50,Fair,Inactive,Single Product
15603925,779,Spain,Female,26,4,174318.13,2,0,1,38296.21,0,7-Apr,High,Under 30,Excellent,Active,Multiple Products
15680970,611,Germany,Female,41,2,114206.84,1,1,0,164061.6,0,0-3,High,30-50,Fair,Inactive,Single Product
15697183,685,Spain,Male,43,9,0,2,1,0,107811.28,0,8+,Low,30-50,Good,Inactive,Multiple Products
15567446,646,Germany,Male,39,9,111574.41,1,1,1,30838.51,0,8+,High,30-50,Fair,Active,Single Product
15637476,683,Germany,Female,57,5,162448.69,1,0,0,9221.78,1,7-Apr,High,50+,Good,Inactive,Single Product
15714939,484,Germany,Female,34,4,148249.54,1,0,1,33738.27,0,7-Apr,High,30-50,Poor,Active,Single Product
15683503,601,France,Female,43,8,0,3,0,1,110916.15,1,8+,Low,30-50,Fair,Active,Multiple Products
15645569,762,Spain,Female,26,7,123709.46,2,1,1,169654.57,0,7-Apr,High,Under 30,Excellent,Active,Multiple Products
15782569,687,France,Female,72,9,0,1,0,1,69829.4,0,8+,Low,50+,Good,Active,Single Product
15592387,566,France,Male,30,5,0,1,1,0,54926.51,1,7-Apr,Low,30-50,Poor,Inactive,Single Product
15609286,702,France,Male,37,10,150525.8,1,1,1,94728.49,0,8+,High,30-50,Good,Active,Single Product
15814035,601,France,Male,29,9,0,1,1,1,80393.27,0,8+,Low,Under 30,Fair,Active,Single Product
15661249,699,France,Male,53,4,0,2,0,1,111307.98,0,7-Apr,Low,50+,Good,Active,Multiple Products
15629117,584,France,Male,28,10,0,2,1,0,19834.32,0,8+,Low,Under 30,Fair,Inactive,Multiple Products
15607170,699,France,Male,35,5,0,2,1,1,78397.24,0,7-Apr,Low,30-50,Good,Active,Multiple Products
15586585,698,Germany,Female,51,2,111018.98,1,1,0,86410.28,0,0-3,High,50+,Good,Inactive,Single Product
15686611,495,France,Male,30,10,129755.99,1,0,0,172749.65,0,8+,High,30-50,Poor,Inactive,Single Product
15603203,650,France,Female,27,6,0,2,1,0,1002.39,0,7-Apr,Low,Under 30,Fair,Inactive,Multiple Products
15619857,605,France,Female,64,2,129555.7,1,1,1,13601.79,0,0-3,High,50+,Fair,Active,Single Product
15805062,667,Spain,Male,38,1,87202.38,1,1,1,77866.91,0,0-3,High,30-50,Fair,Active,Single Product
15660271,688,Germany,Male,26,8,146133.39,1,1,1,175296.76,0,8+,High,Under 30,Good,Active,Single Product
15745295,727,Spain,Female,31,0,0,1,1,0,121751.04,1,0-3,Low,30-50,Good,Inactive,Single Product
15719352,754,Spain,Male,39,6,170184.99,2,1,0,89593.26,0,7-Apr,High,30-50,Excellent,Inactive,Multiple Products
15766575,612,Germany,Female,62,8,140745.33,1,1,0,193437.89,1,8+,High,50+,Fair,Inactive,Single Product
15594594,546,Spain,Male,42,7,139070.51,1,1,1,86945,0,7-Apr,High,30-50,Poor,Active,Single Product
15646161,673,Spain,Female,37,8,0,2,1,1,183318.79,0,8+,Low,30-50,Good,Active,Multiple Products
15682585,593,France,Male,35,9,114193.24,1,1,0,71154.1,0,8+,High,30-50,Fair,Inactive,Single Product
15603134,656,Spain,Female,40,10,167878.5,1,0,1,151887.16,0,8+,High,30-50,Fair,Active,Single Product
15636444,535,Germany,Female,53,5,141616.55,2,1,1,75888.65,0,7-Apr,High,50+,Poor,Active,Multiple Products
15773456,678,Germany,Male,36,3,145747.67,2,0,1,89566.74,0,0-3,High,30-50,Good,Active,Multiple Products
15745307,477,Spain,Female,48,2,129120.64,1,0,1,26475.79,0,0-3,High,30-50,Poor,Active,Single Product
15604119,850,Spain,Male,35,7,110349.82,1,0,0,126355.8,0,7-Apr,High,30-50,Excellent,Inactive,Single Product
15626900,427,France,Male,29,1,141325.56,1,1,1,93839.3,0,0-3,High,Under 30,Poor,Active,Single Product
15605447,752,France,Male,49,2,78653.84,1,1,0,7698.6,0,0-3,High,30-50,Excellent,Inactive,Single Product
15589030,649,France,Male,47,1,0,2,1,1,145593.85,0,0-3,Low,30-50,Fair,Active,Multiple Products
15692463,799,Spain,Female,28,3,142253.65,1,1,0,45042.56,0,0-3,High,Under 30,Excellent,Inactive,Single Product
15712403,589,France,Female,61,1,0,1,1,0,61108.56,1,0-3,Low,50+,Fair,Inactive,Single Product
15811762,583,Germany,Female,54,6,115988.86,1,1,0,57553.98,1,7-Apr,High,50+,Fair,Inactive,Single Product
15718673,839,Spain,Female,33,10,75592.43,1,1,0,62674.42,0,8+,High,30-50,Excellent,Inactive,Single Product
15724282,540,Germany,Male,44,3,164113.04,2,1,1,12120.79,0,0-3,High,30-50,Poor,Active,Multiple Products
15738181,850,France,Male,31,6,67996.23,2,0,0,50129.87,1,7-Apr,High,30-50,Excellent,Inactive,Multiple Products
15633648,696,Spain,Female,51,5,0,2,1,0,55022.43,0,7-Apr,Low,50+,Good,Inactive,Multiple Products
15603323,660,Spain,Female,33,1,0,2,0,0,117834.91,0,0-3,Low,30-50,Fair,Inactive,Multiple Products
15583725,682,France,Male,48,1,138778.15,1,0,1,168840.23,0,0-3,High,30-50,Good,Active,Single Product
15588350,744,France,Female,43,10,147832.15,1,0,1,24234.11,0,8+,High,30-50,Excellent,Active,Single Product
15798398,785,France,Female,36,4,135438.4,1,0,0,190627.01,0,7-Apr,High,30-50,Excellent,Inactive,Single Product
15784844,752,Spain,Male,48,5,116060.08,1,1,0,156618.38,1,7-Apr,High,30-50,Excellent,Inactive,Single Product
15580684,706,France,Female,29,5,112564.62,1,1,0,42334.38,0,7-Apr,High,Under 30,Good,Inactive,Single Product
15809663,583,France,Female,27,1,125406.58,1,1,1,110784.42,0,0-3,High,Under 30,Fair,Active,Single Product
15640078,660,Germany,Female,39,5,135134.99,1,1,0,173683,1,7-Apr,High,30-50,Fair,Inactive,Single Product
15698786,819,France,Female,39,9,133102.92,1,1,0,27046.46,1,8+,High,30-50,Excellent,Inactive,Single Product
15569807,673,France,Female,34,8,42157.08,1,1,0,20598.59,1,8+,Low,30-50,Good,Inactive,Single Product
15730830,752,France,Female,30,3,0,2,1,1,104991.28,0,0-3,Low,30-50,Excellent,Active,Multiple Products
15805112,578,France,Male,38,7,82259.29,1,1,0,8996.97,0,7-Apr,High,30-50,Poor,Inactive,Single Product
15633064,438,France,Female,36,4,0,2,1,0,64420.5,0,7-Apr,Low,30-50,Poor,Inactive,Multiple Products
15703119,652,France,Male,38,6,0,2,1,1,145700.22,0,7-Apr,Low,30-50,Fair,Active,Multiple Products
15730447,629,France,Female,49,4,0,2,1,1,196335.48,0,7-Apr,Low,30-50,Fair,Active,Multiple Products
15813850,720,France,Male,52,7,0,1,1,1,14781.12,0,7-Apr,Low,50+,Good,Active,Single Product
15711889,668,France,Male,42,3,150461.07,1,1,0,108139.23,0,0-3,High,30-50,Fair,Inactive,Single Product
15664610,459,Germany,Male,48,4,133994.52,1,1,1,19287.06,1,7-Apr,High,30-50,Poor,Active,Single Product
15751710,729,Spain,Male,31,8,164870.81,2,1,1,9567.39,0,8+,High,30-50,Good,Active,Multiple Products
15692926,498,Germany,Male,25,8,121702.73,1,1,1,132210.49,0,8+,High,Under 30,Poor,Active,Single Product
15813741,549,Spain,Male,25,6,193858.2,1,0,1,21600.11,0,7-Apr,High,Under 30,Poor,Active,Single Product
15698474,601,Germany,Female,54,1,131039.97,2,1,1,199661.5,0,0-3,High,50+,Fair,Active,Multiple Products
15568595,544,France,Male,64,9,113829.45,1,1,1,124341.49,0,8+,High,50+,Poor,Active,Single Product
15603065,751,France,Female,30,6,0,2,1,0,15766.1,0,7-Apr,Low,30-50,Excellent,Inactive,Multiple Products
15592937,632,Germany,Female,41,3,81877.38,1,1,1,33642.21,0,0-3,High,30-50,Fair,Active,Single Product
15699637,694,Spain,Male,57,8,116326.07,1,1,1,117704.65,0,8+,High,50+,Good,Active,Single Product
15667215,678,France,Male,31,2,0,2,1,1,58803.28,0,0-3,Low,30-50,Good,Active,Multiple Products
15788659,695,France,Male,46,4,0,2,1,1,137537.22,0,7-Apr,Low,30-50,Good,Active,Multiple Products
15763218,661,France,Female,41,1,0,2,0,1,131300.68,0,0-3,Low,30-50,Fair,Active,Multiple Products
15645772,661,France,Male,33,9,0,2,1,1,84174.81,0,8+,Low,30-50,Fair,Active,Multiple Products
15725511,559,France,Female,31,3,127070.73,1,0,1,160941.78,0,0-3,High,30-50,Poor,Active,Single Product
15575024,503,France,Male,29,3,0,2,1,1,143954.99,0,0-3,Low,Under 30,Poor,Active,Multiple Products
15640825,695,Spain,Male,46,3,122549.64,1,1,1,56297.85,0,0-3,High,30-50,Good,Active,Single Product
15662397,640,France,Female,42,5,176099.13,1,1,1,8404.73,0,7-Apr,High,30-50,Fair,Active,Single Product
15576368,624,Germany,Female,48,3,122388.38,2,0,0,30020.09,0,0-3,High,30-50,Fair,Inactive,Multiple Products
15674991,667,France,Male,42,9,0,2,0,1,58137.42,0,8+,Low,30-50,Fair,Active,Multiple Products
15721024,642,France,Male,26,0,0,1,0,0,47472.68,0,0-3,Low,Under 30,Fair,Inactive,Single Product
15745621,640,Spain,Female,32,6,118879.35,2,1,1,19131.71,0,7-Apr,High,30-50,Fair,Active,Multiple Products
15642394,529,Spain,Male,35,5,0,2,1,1,187288.5,0,7-Apr,Low,30-50,Poor,Active,Multiple Products
15754605,563,France,Female,39,5,0,2,1,1,17603.81,0,7-Apr,Low,30-50,Poor,Active,Multiple Products
15607040,593,Spain,Female,38,4,88736.44,2,1,0,67020.03,0,7-Apr,High,30-50,Fair,Inactive,Multiple Products
15715142,739,Germany,Male,45,7,102703.62,1,0,1,147802.94,1,7-Apr,High,30-50,Good,Active,Single Product
15810978,788,Spain,Female,70,1,0,2,1,1,41610.62,0,0-3,Low,50+,Excellent,Active,Multiple Products
15668886,684,Spain,Female,38,3,0,2,1,0,44255.65,0,0-3,Low,30-50,Good,Inactive,Multiple Products
15780804,482,France,Male,55,5,97318.25,1,0,1,78416.14,0,7-Apr,High,50+,Poor,Active,Single Product
15613880,591,Spain,Male,58,5,128468.69,1,0,1,137254.55,0,7-Apr,High,50+,Fair,Active,Single Product
15775238,651,Germany,Female,41,4,133432.59,1,0,1,151303.48,0,7-Apr,High,30-50,Fair,Active,Single Product
15786905,749,Germany,Female,40,8,141782.57,2,0,0,86333.63,0,8+,High,30-50,Excellent,Inactive,Multiple Products
15747867,583,France,Male,24,9,135125.28,1,0,0,89801.9,0,8+,High,Under 30,Fair,Inactive,Single Product
15600337,661,Spain,Male,42,2,178820.91,1,0,0,29358.57,1,0-3,High,30-50,Fair,Inactive,Single Product
15801277,715,France,Female,31,2,112212.14,2,1,1,181600.72,0,0-3,High,30-50,Good,Active,Multiple Products
15579334,769,Germany,Female,45,5,126674.81,1,1,0,124118.71,1,7-Apr,High,30-50,Excellent,Inactive,Single Product
15802741,625,France,Female,51,7,136294.97,1,1,0,38867.46,1,7-Apr,High,50+,Fair,Inactive,Single Product
15720649,641,France,Female,36,5,66392.64,1,1,0,31106.67,0,7-Apr,High,30-50,Fair,Inactive,Single Product
15589493,716,Germany,Male,27,1,122552.34,2,1,0,67611.36,0,0-3,High,Under 30,Good,Inactive,Multiple Products
15688251,767,France,Male,43,1,76408.85,2,1,0,77837.63,0,0-3,High,30-50,Excellent,Inactive,Multiple Products
15665238,745,Germany,Male,36,8,145071.24,1,0,0,6078.46,0,8+,High,30-50,Excellent,Inactive,Single Product
15740900,589,France,Male,34,6,0,2,1,1,177896.92,0,7-Apr,Low,30-50,Fair,Active,Multiple Products
15681068,796,France,Female,45,2,109730.22,1,1,1,123882.73,0,0-3,High,30-50,Excellent,Active,Single Product
15748625,664,France,Male,57,6,0,2,1,1,15304.08,0,7-Apr,Low,50+,Fair,Active,Multiple Products
15727299,445,Spain,Male,62,1,64119.38,1,1,1,76569.64,1,0-3,High,50+,Poor,Active,Single Product
15620204,543,Germany,Female,57,1,106138.33,2,1,1,120657.32,1,0-3,High,50+,Poor,Active,Multiple Products
15669516,746,Spain,Male,36,2,0,2,1,1,16436.56,0,0-3,Low,30-50,Excellent,Active,Multiple Products
15736534,742,Germany,Male,33,0,181656.51,1,1,1,107667.91,0,0-3,High,30-50,Excellent,Active,Single Product
15803457,750,France,Female,32,5,0,2,1,0,95611.47,0,7-Apr,Low,30-50,Excellent,Inactive,Multiple Products
15659098,669,France,Male,30,7,95128.86,1,0,0,19799.26,0,7-Apr,High,30-50,Fair,Inactive,Single Product
15603436,594,Spain,Female,49,2,126615.94,2,0,1,123214.74,0,0-3,High,30-50,Fair,Active,Multiple Products
15566292,574,Spain,Male,36,1,0,2,0,1,71709.12,0,0-3,Low,30-50,Poor,Active,Multiple Products
15808621,659,Germany,Male,36,2,76190.48,2,1,1,149066.14,0,0-3,High,30-50,Fair,Active,Multiple Products
15580148,750,Germany,Male,40,5,168286.81,3,1,0,20451.99,1,7-Apr,High,30-50,Excellent,Inactive,Multiple Products
15776231,626,Germany,Male,35,4,88109.81,1,1,1,32825.5,0,7-Apr,High,30-50,Fair,Active,Single Product
15773809,620,France,Male,42,4,0,2,1,0,6232.31,0,7-Apr,Low,30-50,Fair,Inactive,Multiple Products
15649423,580,France,Female,35,8,0,2,0,1,10357.03,0,8+,Low,30-50,Fair,Active,Multiple Products
15734886,686,France,Female,34,3,123971.51,2,1,0,147794.63,0,0-3,High,30-50,Good,Inactive,Multiple Products
15722548,540,France,Male,48,0,148116.48,1,0,0,116973.48,0,0-3,High,30-50,Poor,Inactive,Single Product
15650288,634,Germany,Male,35,6,116269.01,1,1,0,129964.94,0,7-Apr,High,30-50,Fair,Inactive,Single Product
15629448,632,Spain,Male,38,1,120599.21,1,1,0,92816.86,0,0-3,High,30-50,Fair,Inactive,Single Product
15716164,501,France,Female,41,3,144260.5,1,1,0,172114.67,0,0-3,High,30-50,Poor,Inactive,Single Product
15807609,650,Spain,Female,25,3,86605.5,3,1,0,16649.31,1,0-3,High,Under 30,Fair,Inactive,Multiple Products
15578977,786,France,Male,34,9,0,2,1,0,144517.19,0,8+,Low,30-50,Excellent,Inactive,Multiple Products
15677369,554,Germany,Female,37,4,58629.97,1,0,0,182038.6,0,7-Apr,High,30-50,Poor,Inactive,Single Product
15804072,701,Spain,Female,42,5,0,2,0,0,24210.56,0,7-Apr,Low,30-50,Good,Inactive,Multiple Products
15696859,474,France,Male,45,10,0,2,0,0,172175.9,0,8+,Low,30-50,Poor,Inactive,Multiple Products
15653780,621,France,Female,43,5,0,1,1,1,47578.45,0,7-Apr,Low,30-50,Fair,Active,Single Product
15721658,672,Spain,Female,56,2,209767.31,2,1,1,150694.42,1,0-3,High,50+,Good,Active,Multiple Products
15578761,459,Spain,Female,42,6,129634.25,2,1,1,177683.02,1,7-Apr,High,30-50,Poor,Active,Multiple Products
15736879,669,France,Male,23,1,0,2,0,0,66088.83,0,0-3,Low,Under 30,Fair,Inactive,Multiple Products
15571973,776,France,Female,38,2,169824.46,1,1,0,169291.7,0,0-3,High,30-50,Excellent,Inactive,Single Product
15626742,694,France,Male,36,3,97530.25,1,1,1,117140.41,0,0-3,High,30-50,Good,Active,Single Product
15672692,787,France,Female,42,10,145988.65,2,1,1,79510.37,0,8+,High,30-50,Excellent,Active,Multiple Products
15673570,580,France,Male,37,9,0,2,0,1,77108.66,0,8+,Low,30-50,Fair,Active,Multiple Products
15767432,711,France,Female,25,7,0,3,1,1,9679.28,0,7-Apr,Low,Under 30,Good,Active,Multiple Products
15654238,673,France,Female,40,5,137494.28,1,1,0,81753.92,0,7-Apr,High,30-50,Good,Inactive,Single Product
15612525,499,France,Female,57,1,0,1,0,0,131372.38,1,0-3,Low,50+,Poor,Inactive,Single Product
15812750,591,France,Male,24,6,147360,1,1,1,25310.82,0,7-Apr,High,Under 30,Fair,Active,Single Product
15790757,769,France,Female,25,10,0,2,0,0,187925.75,0,8+,Low,Under 30,Excellent,Inactive,Multiple Products
15723873,657,Spain,Male,31,3,125167.02,1,0,0,98820.39,0,0-3,High,30-50,Fair,Inactive,Single Product
15744607,738,Germany,Male,43,9,121152.05,2,1,0,64166.7,1,8+,High,30-50,Good,Inactive,Multiple Products
15612966,545,Germany,Female,60,7,128981.07,1,0,1,176924.21,1,7-Apr,High,50+,Poor,Active,Single Product
15784209,497,France,Male,47,6,0,1,1,1,90055.08,0,7-Apr,Low,30-50,Poor,Active,Single Product
15794278,816,Spain,Male,67,6,151858.98,1,1,1,72814.31,0,7-Apr,High,50+,Excellent,Active,Single Product
15766741,525,France,Male,36,2,114628.4,1,0,1,168290.06,0,0-3,High,30-50,Poor,Active,Single Product
15661036,725,France,Male,46,6,0,2,1,0,161767.38,0,7-Apr,Low,30-50,Good,Inactive,Multiple Products
15705639,692,France,Female,28,8,95059.02,2,1,0,44420.18,0,8+,High,Under 30,Good,Inactive,Multiple Products
15637414,618,France,Female,24,7,128736.39,1,0,1,37147.61,0,7-Apr,High,Under 30,Fair,Active,Single Product
15716835,546,France,Male,24,8,156325.38,1,1,1,125381.02,0,8+,High,Under 30,Poor,Active,Single Product
15696231,635,France,Male,29,7,105405.97,1,1,1,149853.89,0,7-Apr,High,Under 30,Fair,Active,Single Product
15641675,611,France,Female,49,2,88915.37,3,0,0,161435.02,1,0-3,High,30-50,Fair,Inactive,Multiple Products
15670755,650,France,Male,60,8,0,2,1,1,102925.76,0,8+,Low,50+,Fair,Active,Multiple Products
15640059,606,France,Male,40,5,0,2,1,1,70899.27,0,7-Apr,Low,30-50,Fair,Active,Multiple Products
15787619,844,France,Male,18,2,160980.03,1,0,0,145936.28,0,0-3,High,Under 30,Excellent,Inactive,Single Product
15587535,450,Spain,Female,46,5,177619.71,1,1,0,54227.06,0,7-Apr,High,30-50,Poor,Inactive,Single Product
15813034,727,Spain,Male,38,2,62276.99,1,1,1,59280.79,0,0-3,High,30-50,Good,Active,Single Product
15698839,460,Germany,Male,46,4,127559.97,2,1,1,126952.5,0,7-Apr,High,30-50,Poor,Active,Multiple Products
15790314,649,France,Male,41,0,0,2,0,1,130567.02,0,0-3,Low,30-50,Fair,Active,Multiple Products
15634245,758,Germany,Female,47,9,95523.16,1,1,0,73294.48,0,8+,High,30-50,Excellent,Inactive,Single Product
15677305,490,France,Female,35,7,107749.03,1,1,1,3937.37,0,7-Apr,High,30-50,Poor,Active,Single Product
15661526,815,Germany,Male,37,2,110777.26,2,1,0,2383.59,0,0-3,High,30-50,Excellent,Inactive,Multiple Products
15685997,838,Spain,Female,39,5,166733.92,2,1,0,14279.44,0,7-Apr,High,30-50,Excellent,Inactive,Multiple Products
15660101,803,France,Male,31,9,157120.86,2,1,0,141300.53,0,8+,High,30-50,Excellent,Inactive,Multiple Products
15637979,664,Germany,Female,36,2,127160.78,2,1,0,78140.75,0,0-3,High,30-50,Fair,Inactive,Multiple Products
15815364,736,Spain,Female,28,2,0,2,1,1,117431.1,0,0-3,Low,Under 30,Good,Active,Multiple Products
15647099,633,France,Female,37,9,156091.97,1,1,0,72008.61,0,8+,High,30-50,Fair,Inactive,Single Product
15625944,664,France,Male,58,5,98668.18,1,1,1,60887.58,0,7-Apr,High,50+,Fair,Active,Single Product
15583212,600,France,Female,43,5,134022.06,1,1,0,194764.83,0,7-Apr,High,30-50,Fair,Inactive,Single Product
15582741,693,France,Female,35,5,124151.09,1,1,0,88705.14,1,7-Apr,High,30-50,Good,Inactive,Single Product
15637876,663,Germany,Female,36,6,77253.5,1,0,0,35817.97,1,7-Apr,High,30-50,Fair,Inactive,Single Product
15622750,742,Germany,Female,21,1,114292.48,1,1,0,31520.4,0,0-3,High,Under 30,Excellent,Inactive,Single Product
15672056,710,Germany,Male,43,2,140080.32,3,1,1,157908.19,1,0-3,High,30-50,Good,Active,Multiple Products
15812351,710,Spain,Female,27,2,135277.96,1,1,0,142200.15,0,0-3,High,Under 30,Good,Inactive,Single Product
15810864,700,France,Female,82,2,0,2,0,1,182055.36,0,0-3,Low,50+,Good,Active,Multiple Products
15677921,720,Germany,Male,60,9,115920.62,2,0,0,157552.08,1,8+,High,50+,Good,Inactive,Multiple Products
15724296,684,Spain,Male,41,2,119782.72,2,0,0,120284.67,0,0-3,High,30-50,Good,Inactive,Multiple Products
15685329,531,France,Female,63,1,114715.71,1,0,1,24506.95,1,0-3,High,50+,Poor,Active,Single Product
15584091,742,Germany,Female,36,2,129748.54,2,0,0,47271.61,1,0-3,High,30-50,Excellent,Inactive,Multiple Products
15640442,717,France,Male,31,4,129722.57,1,0,0,41176.6,0,7-Apr,High,30-50,Good,Inactive,Single Product
15639314,589,France,Male,32,2,0,2,0,1,9468.64,0,0-3,Low,30-50,Fair,Active,Multiple Products
15685320,767,France,Male,36,3,139180.2,1,0,0,123880.19,0,0-3,High,30-50,Excellent,Inactive,Single Product
15789158,636,Germany,Male,49,6,113599.74,2,1,0,158887.09,1,7-Apr,High,30-50,Fair,Inactive,Multiple Products
15752137,648,France,Male,33,7,134944,1,1,1,117036.38,0,7-Apr,High,30-50,Fair,Active,Single Product
15712551,622,Germany,Female,58,7,116922.25,1,1,0,120415.61,1,7-Apr,High,50+,Fair,Inactive,Single Product
15628936,692,Spain,Male,28,9,118945.09,1,0,0,16064.25,1,8+,High,Under 30,Good,Inactive,Single Product
15797227,754,France,Male,28,8,0,2,1,1,52615.62,0,8+,Low,Under 30,Excellent,Active,Multiple Products
15769974,679,Spain,Female,35,8,119182.73,1,0,0,121210.09,0,8+,High,30-50,Good,Inactive,Single Product
15737051,639,France,Male,27,8,0,2,1,0,192247.35,0,8+,Low,Under 30,Fair,Inactive,Multiple Products
15585595,774,France,Female,28,1,71264.02,2,0,1,68759.57,0,0-3,High,Under 30,Excellent,Active,Multiple Products
15654060,517,France,Male,41,2,0,2,0,1,75937.47,0,0-3,Low,30-50,Poor,Active,Multiple Products
15745196,571,France,Female,35,8,0,2,0,0,84569.13,0,8+,Low,30-50,Poor,Inactive,Multiple Products
15571221,747,Germany,Male,58,7,116313.57,1,1,1,190696.35,1,7-Apr,High,50+,Excellent,Active,Single Product
15660155,792,Spain,Male,36,5,92140.15,1,0,1,67468.67,0,7-Apr,High,30-50,Excellent,Active,Single Product
15605284,688,France,Male,26,1,0,2,1,1,104435.94,0,0-3,Low,Under 30,Good,Active,Multiple Products
15694366,714,Germany,Male,42,2,177640.09,1,0,1,47166.55,0,0-3,High,30-50,Good,Active,Single Product
15600739,562,Spain,Female,35,0,0,2,1,0,119899.52,0,0-3,Low,30-50,Poor,Inactive,Multiple Products
15653253,704,Spain,Male,48,8,167997.6,1,1,1,173498.45,0,8+,High,30-50,Good,Active,Single Product
15763431,698,France,Male,36,2,82275.35,2,1,1,93249.26,0,0-3,High,30-50,Good,Active,Multiple Products
15643696,611,France,Male,49,3,0,2,1,1,142917.54,0,0-3,Low,30-50,Fair,Active,Multiple Products
15707473,850,Germany,Female,48,6,111962.99,1,1,0,111755.8,0,7-Apr,High,30-50,Excellent,Inactive,Single Product
15769504,743,Germany,Female,34,1,131736.88,1,1,1,108543.21,0,0-3,High,30-50,Excellent,Active,Single Product
15776807,654,France,Male,29,1,0,1,1,0,180345.44,0,0-3,Low,Under 30,Fair,Inactive,Single Product
15686870,761,Germany,Male,36,8,108239.11,2,0,0,99444.02,0,8+,High,30-50,Excellent,Inactive,Multiple Products
15668747,702,France,Female,46,9,98444.19,1,0,1,109563.28,0,8+,High,30-50,Good,Active,Single Product
15766908,488,Germany,Male,32,3,114540.38,1,1,0,92568.07,0,0-3,High,30-50,Poor,Inactive,Single Product
15570134,683,France,Female,35,6,187530.66,2,1,1,37976.36,0,7-Apr,High,30-50,Good,Active,Multiple Products
15567367,601,Germany,Female,42,9,133636.16,1,0,1,103315.74,0,8+,High,30-50,Fair,Active,Single Product
15747542,605,France,Male,52,7,0,2,1,1,173952.5,0,7-Apr,Low,50+,Fair,Active,Multiple Products
15762238,671,Germany,Female,44,0,84745.03,2,0,1,34673.98,0,0-3,High,30-50,Good,Active,Multiple Products
15681554,614,Germany,Female,31,7,120599.38,2,1,1,46163.44,0,7-Apr,High,30-50,Fair,Active,Multiple Products
15712825,511,Spain,Female,29,9,0,2,0,1,140676.98,0,8+,Low,Under 30,Poor,Active,Multiple Products
15640280,850,France,Male,39,4,127771.35,2,0,1,151738.54,0,7-Apr,High,30-50,Excellent,Active,Multiple Products
15756026,790,Spain,Female,46,9,0,1,0,0,14679.81,1,8+,Low,30-50,Excellent,Inactive,Single Product
15613319,793,France,Female,33,0,0,1,0,0,175544.02,0,0-3,Low,30-50,Excellent,Inactive,Single Product
15798906,628,France,Male,69,5,0,2,1,1,181964.6,0,7-Apr,Low,50+,Fair,Active,Multiple Products
15708917,598,Germany,Male,53,10,167772.96,1,1,1,136886.86,0,8+,High,50+,Fair,Active,Single Product
15778463,657,France,Female,37,6,95845.6,1,1,0,122218.23,0,7-Apr,High,30-50,Fair,Inactive,Single Product
15699430,618,France,Female,35,10,0,2,1,0,180439.75,0,8+,Low,30-50,Fair,Inactive,Multiple Products
15649992,681,Spain,Male,65,7,134714.7,2,0,1,190419.81,0,7-Apr,High,50+,Good,Active,Multiple Products
15578980,516,Spain,Female,33,3,0,2,1,1,58685.59,0,0-3,Low,30-50,Poor,Active,Multiple Products
15775306,421,Germany,Male,28,8,122384.22,3,1,1,89017.38,1,8+,High,Under 30,Poor,Active,Multiple Products
15641655,700,France,Female,26,2,0,2,0,0,50051.42,0,0-3,Low,Under 30,Good,Inactive,Multiple Products
15619708,745,France,Male,25,5,157993.15,2,1,0,146041.45,0,7-Apr,High,Under 30,Excellent,Inactive,Multiple Products
15734565,696,France,Male,29,8,0,2,1,0,191166.09,0,8+,Low,Under 30,Good,Inactive,Multiple Products
15806438,580,Germany,Female,42,2,123331.36,1,0,0,103516.08,1,0-3,High,30-50,Fair,Inactive,Single Product
15591969,497,Spain,Male,27,9,75263.16,1,1,1,164825.04,0,8+,High,Under 30,Poor,Active,Single Product
15747807,720,France,Female,43,6,137824.03,2,1,0,172557.77,0,7-Apr,High,30-50,Good,Inactive,Multiple Products
15596939,659,Germany,Male,36,4,132578.92,2,1,0,84320.94,0,7-Apr,High,30-50,Fair,Inactive,Multiple Products
15716155,841,France,Female,36,5,156021.31,1,0,0,122662.98,0,7-Apr,High,30-50,Excellent,Inactive,Single Product
15765311,642,Spain,Male,34,8,0,1,1,0,72085.1,0,8+,Low,30-50,Fair,Inactive,Single Product
15757811,732,Spain,Female,69,9,137453.43,1,0,1,110932.24,1,8+,High,50+,Good,Active,Single Product
15603830,600,Spain,Male,36,4,0,2,1,0,143635.36,0,7-Apr,Low,30-50,Fair,Inactive,Multiple Products
15660602,464,Germany,Male,33,8,164284.72,2,1,1,3710.34,0,8+,High,30-50,Poor,Active,Multiple Products
15660535,680,France,Female,47,5,0,2,1,1,179843.33,0,7-Apr,Low,30-50,Good,Active,Multiple Products
15666633,758,Spain,Male,56,1,0,2,1,1,10643.38,0,0-3,Low,50+,Excellent,Active,Multiple Products
15596914,630,Germany,Female,31,2,112373.49,2,1,1,131167.98,0,0-3,High,30-50,Fair,Active,Multiple Products
15639788,577,France,Female,39,10,0,2,1,0,10553.31,0,8+,Low,30-50,Poor,Inactive,Multiple Products
15695846,684,France,Female,34,6,0,2,1,1,130928.22,0,7-Apr,Low,30-50,Good,Active,Multiple Products
15726234,708,Spain,Female,41,5,0,1,0,1,157003.99,0,7-Apr,Low,30-50,Good,Active,Single Product
15797964,732,Germany,Female,29,1,154333.82,1,1,1,138527.56,0,0-3,High,Under 30,Good,Active,Single Product
15625881,634,Germany,Male,37,3,111432.77,2,1,1,167032.49,0,0-3,High,30-50,Fair,Active,Multiple Products
15780628,633,France,Female,30,6,0,2,0,0,41642.29,0,7-Apr,Low,30-50,Fair,Inactive,Multiple Products
15575883,559,France,Male,34,2,137390.11,2,1,0,9677,0,0-3,High,30-50,Poor,Inactive,Multiple Products
15585036,694,Spain,Female,37,3,0,2,1,1,147012.22,0,0-3,Low,30-50,Good,Active,Multiple Products
15589488,686,Germany,Female,56,5,111642.08,1,1,1,80553.87,0,7-Apr,High,50+,Good,Active,Single Product
15585888,553,Spain,Female,48,3,0,1,0,1,30730.95,1,0-3,Low,30-50,Poor,Active,Single Product
15727915,507,France,Male,36,4,83543.37,1,0,0,140134.43,0,7-Apr,High,30-50,Poor,Inactive,Single Product
15707567,732,Germany,Male,50,6,145338.76,1,0,0,91936.1,1,7-Apr,High,30-50,Good,Inactive,Single Product
15737792,818,France,Female,31,1,186796.37,1,0,0,178252.63,0,0-3,High,30-50,Excellent,Inactive,Single Product
15599433,660,Germany,Male,35,8,58641.43,1,0,1,198674.08,0,8+,High,30-50,Fair,Active,Single Product
15672012,773,Spain,Female,41,5,0,1,1,0,28266.9,1,7-Apr,Low,30-50,Excellent,Inactive,Single Product
15806983,640,France,Male,44,3,137148.68,1,1,0,92381.01,0,0-3,High,30-50,Fair,Inactive,Single Product
15592222,505,France,Male,49,7,80001.23,1,0,0,135180.11,0,7-Apr,High,30-50,Poor,Inactive,Single Product
15608968,714,Germany,Male,21,6,86402.52,2,0,0,27330.59,0,7-Apr,High,Under 30,Good,Inactive,Multiple Products
15586959,468,France,Female,42,5,0,2,1,0,125305.34,0,7-Apr,Low,30-50,Poor,Inactive,Multiple Products
15646558,611,Spain,Male,51,1,122874.74,1,1,1,149648.45,0,0-3,High,50+,Fair,Active,Single Product
15725811,705,France,Male,25,0,97544.29,1,0,1,59887.15,0,0-3,High,Under 30,Good,Active,Single Product
15572265,646,Germany,Male,46,1,170826.55,2,1,0,45041.32,0,0-3,High,30-50,Fair,Inactive,Multiple Products
15794048,667,Germany,Female,48,1,97133.92,2,0,0,113316.77,1,0-3,High,30-50,Fair,Inactive,Multiple Products
15677610,511,Germany,Female,41,8,153895.65,1,1,1,39087.42,0,8+,High,30-50,Poor,Active,Single Product
15745012,653,France,Female,43,6,0,2,1,1,7330.59,0,7-Apr,Low,30-50,Fair,Active,Multiple Products
15601589,675,France,Female,57,8,0,2,0,1,95463.29,0,8+,Low,50+,Good,Active,Multiple Products
15686436,523,Spain,Male,32,4,0,2,1,0,167848.02,0,7-Apr,Low,30-50,Poor,Inactive,Multiple Products
15693864,567,Germany,Female,49,5,134956.02,1,1,0,93953.84,1,7-Apr,High,30-50,Poor,Inactive,Single Product
15760550,741,Spain,Male,39,7,143637.58,2,0,1,174227.66,0,7-Apr,High,30-50,Excellent,Active,Multiple Products
15686137,456,Spain,Male,32,9,147506.25,1,1,1,135399.21,0,8+,High,30-50,Poor,Active,Single Product
15809087,598,France,Male,64,1,0,2,1,0,195635.3,1,0-3,Low,50+,Fair,Inactive,Multiple Products
15807663,667,France,Male,43,8,190227.46,1,1,0,97508.04,1,8+,High,30-50,Fair,Inactive,Single Product
15809100,548,France,Female,32,2,172448.77,1,1,0,188083.77,1,0-3,High,30-50,Poor,Inactive,Single Product
15794916,725,France,Male,41,7,113980.21,1,1,1,116704.25,0,7-Apr,High,30-50,Good,Active,Single Product
15614215,717,France,Male,53,6,0,2,0,1,97614.87,0,7-Apr,Low,50+,Good,Active,Multiple Products
15805449,594,France,Male,38,4,0,2,0,0,186884.04,0,7-Apr,Low,30-50,Fair,Inactive,Multiple Products
15686983,678,Germany,Female,25,10,76968.12,2,0,1,131501.72,0,8+,High,Under 30,Good,Active,Multiple Products
15808017,545,France,Male,38,1,88293.13,2,1,1,24302.95,0,0-3,High,30-50,Poor,Active,Multiple Products
15756804,636,France,Female,48,1,170833.46,1,1,0,110510.28,1,0-3,High,30-50,Fair,Inactive,Single Product
15646810,603,Germany,Male,44,6,108122.39,2,1,0,108488.33,1,7-Apr,High,30-50,Fair,Inactive,Multiple Products
15710424,435,France,Male,36,4,0,1,1,1,197015.2,0,7-Apr,Low,30-50,Poor,Active,Single Product
15799422,535,France,Female,40,8,0,1,1,1,27689.77,0,8+,Low,30-50,Poor,Active,Single Product
15692750,629,Germany,Female,45,7,129818.39,3,1,0,9217.55,1,7-Apr,High,30-50,Fair,Inactive,Multiple Products
15794549,722,France,Female,35,2,163943.89,2,1,1,15068.18,0,0-3,High,30-50,Good,Active,Multiple Products
15803764,561,France,Male,28,7,0,2,1,0,7797.01,0,7-Apr,Low,Under 30,Poor,Inactive,Multiple Products
15674840,645,France,Female,38,5,101430.3,2,0,1,4400.32,0,7-Apr,High,30-50,Fair,Active,Multiple Products
15653762,501,France,Female,39,9,117301.66,1,0,0,182025.95,0,8+,High,30-50,Poor,Inactive,Single Product
15581229,502,Germany,Female,32,1,173340.83,1,0,1,122763.95,0,0-3,High,30-50,Poor,Active,Single Product
15800228,652,Spain,Female,42,4,0,2,1,1,38152.01,0,7-Apr,Low,30-50,Fair,Active,Multiple Products
15656333,574,France,Female,33,3,134348.57,1,1,0,63163.99,0,0-3,High,30-50,Poor,Inactive,Single Product
15697497,518,France,Female,45,9,105525.65,2,1,1,73418.29,0,8+,High,30-50,Poor,Active,Multiple Products
15585362,749,France,Female,60,6,0,1,1,0,17978.68,1,7-Apr,Low,50+,Excellent,Inactive,Single Product
15571928,679,France,Female,43,4,0,3,1,0,115136.51,1,7-Apr,Low,30-50,Good,Inactive,Multiple Products
15785519,565,France,Male,36,6,106192.1,1,1,0,149575.59,0,7-Apr,High,30-50,Poor,Inactive,Single Product
15743007,643,France,Female,45,4,45144.43,1,1,0,60917.24,1,7-Apr,Low,30-50,Fair,Inactive,Single Product
15777211,515,France,Male,65,7,92113.61,1,1,1,142548.33,0,7-Apr,High,50+,Poor,Active,Single Product
15721935,521,France,Male,25,7,0,2,1,1,157878.67,0,7-Apr,Low,Under 30,Poor,Active,Multiple Products
15591711,739,Spain,Male,38,0,128366.44,1,1,0,12796.43,0,0-3,High,30-50,Good,Inactive,Single Product
15625021,585,France,Male,42,2,0,2,1,1,18657.77,0,0-3,Low,30-50,Fair,Active,Multiple Products
15702968,733,Germany,Male,74,3,106545.53,1,1,1,134589.58,0,0-3,High,50+,Good,Active,Single Product
15600462,542,France,Female,43,8,145618.37,1,0,1,10350.74,0,8+,High,30-50,Poor,Active,Single Product
15768104,788,Spain,Male,37,8,141541.25,1,0,0,66013.27,0,8+,High,30-50,Excellent,Inactive,Single Product
15780140,435,Germany,Male,32,2,57017.06,2,1,1,5907.11,0,0-3,High,30-50,Poor,Active,Multiple Products
15585255,577,France,Male,42,9,0,1,1,0,74077.91,0,8+,Low,30-50,Poor,Inactive,Single Product
15772781,703,France,Female,51,3,0,3,1,1,77294.56,1,0-3,Low,50+,Good,Active,Multiple Products
15669987,728,Germany,Female,35,8,125884.95,2,1,0,54359.02,1,8+,High,30-50,Good,Inactive,Multiple Products
15697000,728,Germany,Male,32,5,61825.5,1,1,1,156124.93,0,7-Apr,High,30-50,Good,Active,Single Product
15733119,718,France,Male,35,8,0,2,1,0,94820.85,0,8+,Low,30-50,Good,Inactive,Multiple Products
15782390,621,France,Female,40,6,0,1,1,0,155155.25,0,7-Apr,Low,30-50,Fair,Inactive,Single Product
15654700,523,France,Female,40,2,102967.41,1,1,0,128702.1,1,0-3,High,30-50,Poor,Inactive,Single Product
15632210,657,Germany,Male,25,2,171770.55,1,1,0,22745.5,0,0-3,High,Under 30,Fair,Inactive,Single Product
15642041,727,Germany,Male,40,1,93051.64,2,1,0,71865.31,1,0-3,High,30-50,Good,Inactive,Multiple Products
15709737,643,France,Male,36,7,161064.64,2,0,1,84294.82,0,7-Apr,High,30-50,Fair,Active,Multiple Products
15792388,645,France,Female,48,7,90612.34,1,1,1,149139.13,0,7-Apr,High,30-50,Fair,Active,Single Product
15786014,568,France,Male,28,5,145105.64,2,1,0,185489.11,0,7-Apr,High,Under 30,Poor,Inactive,Multiple Products
15794580,599,France,Male,58,4,0,1,0,0,176407.15,1,7-Apr,Low,50+,Fair,Inactive,Single Product
15675964,672,France,Female,45,9,0,1,1,1,92027.69,1,8+,Low,30-50,Good,Active,Single Product
15814275,685,France,Male,33,6,174912.72,1,1,1,43932.54,0,7-Apr,High,30-50,Good,Active,Single Product
15724848,516,France,Female,46,1,104947.72,1,1,0,115789.25,1,0-3,High,30-50,Poor,Inactive,Single Product
15754713,685,Spain,Male,31,10,135213.71,1,1,1,125777.28,0,8+,High,30-50,Good,Active,Single Product
15693814,806,Spain,Male,25,7,0,2,1,0,18461.9,0,7-Apr,Low,Under 30,Excellent,Inactive,Multiple Products
15599660,604,France,Male,36,6,116229.85,2,1,1,79633.38,0,7-Apr,High,30-50,Fair,Active,Multiple Products
15746490,648,Spain,Female,53,6,111201.41,1,1,1,121542.29,0,7-Apr,High,50+,Fair,Active,Single Product
15566091,545,Spain,Female,32,4,0,1,1,0,94739.2,0,7-Apr,Low,30-50,Poor,Inactive,Single Product
15655961,756,Germany,Male,27,1,131899,1,1,0,93302.29,0,0-3,High,Under 30,Excellent,Inactive,Single Product
15710404,569,France,Male,35,10,124525.52,1,1,1,193793.78,0,8+,High,30-50,Poor,Active,Single Product
15775625,596,France,Male,47,6,0,1,1,0,74835.65,0,7-Apr,Low,30-50,Fair,Inactive,Single Product
15792328,475,France,Male,39,6,0,1,1,1,56999.9,1,7-Apr,Low,30-50,Poor,Active,Single Product
15719856,646,France,Female,45,3,47134.75,1,1,1,57236.44,0,0-3,Low,30-50,Fair,Active,Single Product
15593773,784,Spain,Male,35,3,0,2,0,0,81483.64,0,0-3,Low,30-50,Excellent,Inactive,Multiple Products
15733114,552,Spain,Male,45,9,0,2,1,0,26752.56,0,8+,Low,30-50,Poor,Inactive,Multiple Products
15797748,729,France,Male,44,5,0,2,0,1,9200.54,0,7-Apr,Low,30-50,Good,Active,Multiple Products
15743411,609,Spain,Male,61,1,0,1,1,0,22447.85,1,0-3,Low,50+,Fair,Inactive,Single Product
15753337,555,France,Male,51,5,0,3,1,0,189122.89,1,7-Apr,Low,50+,Poor,Inactive,Multiple Products
15601026,572,Germany,Female,19,1,138657.08,1,1,1,16161.82,0,0-3,High,Under 30,Poor,Active,Single Product
15658485,785,France,Female,34,9,70302.48,1,1,1,68600.36,0,8+,High,30-50,Excellent,Active,Single Product
15636731,714,Germany,Female,36,1,101609.01,2,1,1,447.73,0,0-3,High,30-50,Good,Active,Multiple Products
15628303,738,Spain,Male,35,3,0,1,1,1,15650.73,0,0-3,Low,30-50,Good,Active,Single Product
15633461,639,Germany,Male,38,5,130170.82,1,1,1,149599.62,0,7-Apr,High,30-50,Fair,Active,Single Product
15677135,520,Germany,Male,61,8,133802.29,2,1,1,90304.01,0,8+,High,50+,Poor,Active,Multiple Products
15590876,764,France,Female,24,7,106234.02,1,0,0,115676.38,0,7-Apr,High,Under 30,Excellent,Inactive,Single Product
15790782,661,Spain,Male,39,6,132628.98,1,0,0,38812.67,0,7-Apr,High,30-50,Fair,Inactive,Single Product
15700476,564,Germany,Male,41,9,103522.75,2,1,1,34338.21,0,8+,High,30-50,Poor,Active,Multiple Products
15634141,708,Germany,Female,42,8,192390.52,2,1,0,823.36,0,8+,High,30-50,Good,Inactive,Multiple Products
15737795,512,Spain,Male,36,1,0,1,0,1,135482.26,1,0-3,Low,30-50,Poor,Active,Single Product
15790299,592,Spain,Male,37,9,0,3,1,1,10656.89,0,8+,Low,30-50,Fair,Active,Multiple Products
15675316,619,France,Female,38,3,0,2,0,1,116467.35,0,0-3,Low,30-50,Fair,Active,Multiple Products
15613630,775,France,Male,52,8,109922.61,1,1,1,96823.32,1,8+,High,50+,Excellent,Active,Single Product
15662100,850,Germany,Female,44,5,128605.32,1,0,1,171096.2,0,7-Apr,High,30-50,Excellent,Active,Single Product
15668032,577,France,Female,37,4,0,1,1,1,79881.39,0,7-Apr,Low,30-50,Poor,Active,Single Product
15599289,724,France,Female,37,10,68598.56,1,1,0,157862.82,0,8+,High,30-50,Good,Inactive,Single Product
15754084,710,Spain,Male,35,1,106518.52,1,1,1,127951.81,0,0-3,High,30-50,Good,Active,Single Product
15676521,696,France,Female,31,8,0,2,0,0,191074.11,0,8+,Low,30-50,Good,Inactive,Multiple Products
15804586,376,France,Female,46,6,0,1,1,0,157333.69,1,7-Apr,Low,30-50,Poor,Inactive,Single Product
15781465,675,Germany,Female,29,8,121326.42,1,1,0,133457.52,0,8+,High,Under 30,Good,Inactive,Single Product
15729362,745,France,Male,36,8,67226.37,1,1,0,130789.6,0,8+,High,30-50,Excellent,Inactive,Single Product
15709295,697,Spain,Female,25,5,82931.85,2,1,1,128373.88,0,7-Apr,High,Under 30,Good,Active,Multiple Products
15745324,599,Spain,Female,39,4,0,1,1,0,194273.2,1,7-Apr,Low,30-50,Fair,Inactive,Single Product
15741336,715,France,Female,38,5,118590.41,1,1,1,5684.17,1,7-Apr,High,30-50,Good,Active,Single Product
15783659,659,France,Male,67,4,145981.87,1,1,1,131043.2,0,7-Apr,High,50+,Fair,Active,Single Product
15620981,684,France,Female,48,3,73309.38,1,0,0,21228.34,1,0-3,High,30-50,Good,Inactive,Single Product
15630328,635,France,Female,48,8,130796.33,2,1,1,43250.3,0,8+,High,30-50,Fair,Active,Multiple Products
15785899,789,Germany,Male,33,8,151607.56,1,1,0,4389.4,0,8+,High,30-50,Excellent,Inactive,Single Product
15606149,571,Germany,Female,66,9,111577.01,1,0,1,189271.9,0,8+,High,50+,Poor,Active,Single Product
15671139,694,Spain,Male,39,0,107042.74,1,1,1,102284.2,0,0-3,High,30-50,Good,Active,Single Product
15660429,665,Spain,Female,42,2,156371.61,2,0,1,156774.94,1,0-3,High,30-50,Fair,Active,Multiple Products
15571002,706,France,Female,44,4,129605.99,1,0,0,69865.49,0,7-Apr,High,30-50,Good,Inactive,Single Product
15631681,807,Spain,Female,43,0,0,2,0,1,85523.24,0,0-3,Low,30-50,Excellent,Active,Multiple Products
15731522,771,Spain,Female,67,8,0,2,1,1,51219.8,0,8+,Low,50+,Excellent,Active,Multiple Products
15619529,531,Spain,Male,27,8,132576.25,1,0,0,7222.92,0,8+,High,Under 30,Poor,Inactive,Single Product
15628034,629,France,Female,37,6,129101.3,1,1,1,23971.33,0,7-Apr,High,30-50,Fair,Active,Single Product
15686164,850,Germany,Female,31,1,108822.4,1,1,1,132173.31,0,0-3,High,30-50,Excellent,Active,Single Product
15582797,685,Spain,Male,35,4,137948.51,1,1,0,113639.64,0,7-Apr,High,30-50,Good,Inactive,Single Product
15753831,642,Spain,Male,32,7,100433.8,1,1,1,39768.59,0,7-Apr,High,30-50,Fair,Active,Single Product
15731815,529,Spain,Male,63,4,96134.11,3,1,0,108732.96,1,7-Apr,High,50+,Poor,Inactive,Multiple Products
15580956,683,Germany,Female,43,4,115888.04,1,1,1,117349.19,1,7-Apr,High,30-50,Good,Active,Single Product
15602084,663,France,Female,42,5,124626.07,1,1,1,78004.5,0,7-Apr,High,30-50,Fair,Active,Single Product
15589805,563,France,Female,34,6,139810.34,1,1,1,152417.79,0,7-Apr,High,30-50,Poor,Active,Single Product
15720893,637,Spain,Female,34,9,0,2,0,0,26057.08,0,8+,Low,30-50,Fair,Inactive,Multiple Products
15641009,544,France,Male,37,3,84496.71,1,0,0,79972.09,0,0-3,High,30-50,Poor,Inactive,Single Product
15605926,649,Germany,Male,70,9,116854.71,2,0,1,107125.79,0,8+,High,50+,Fair,Active,Multiple Products
15805955,638,France,Female,48,10,138333.03,1,1,1,47679.14,0,8+,High,30-50,Fair,Active,Single Product
15801488,723,France,Male,25,3,0,2,1,1,134509.47,0,0-3,Low,Under 30,Good,Active,Multiple Products
15605918,635,Germany,Male,43,5,78992.75,2,0,0,153265.31,0,7-Apr,High,30-50,Fair,Inactive,Multiple Products
15779711,750,Spain,Female,38,7,97257.41,2,0,1,179883.04,0,7-Apr,High,30-50,Excellent,Active,Multiple Products
15705620,730,France,Male,34,5,122453.37,2,1,0,138882.98,0,7-Apr,High,30-50,Good,Inactive,Multiple Products
15685357,750,Spain,Female,36,8,112940.07,1,0,1,9855.81,0,8+,High,30-50,Excellent,Active,Single Product
15570060,586,France,Female,43,8,132558.26,1,1,0,67046.83,1,8+,High,30-50,Fair,Inactive,Single Product
15582616,520,France,Female,38,4,0,2,1,0,56388.63,0,7-Apr,Low,30-50,Poor,Inactive,Multiple Products
15799515,652,France,Female,48,8,133297.24,1,1,0,77764.37,0,8+,High,30-50,Fair,Inactive,Single Product
15642937,550,France,Female,46,7,0,2,1,0,130590.35,0,7-Apr,Low,30-50,Poor,Inactive,Multiple Products
15624729,594,France,Male,27,0,197041.8,1,0,0,151912.49,0,0-3,High,Under 30,Fair,Inactive,Single Product
15566156,749,Germany,Female,44,0,71497.79,2,0,0,151083.8,0,0-3,High,30-50,Excellent,Inactive,Multiple Products
15792360,668,France,Male,32,7,0,2,1,1,777.37,0,7-Apr,Low,30-50,Fair,Active,Multiple Products
15807008,614,Germany,Female,35,6,128100.28,1,0,0,69454.24,1,7-Apr,High,30-50,Fair,Inactive,Single Product
15704770,773,France,Male,25,1,124532.78,2,0,1,11723.57,0,0-3,High,Under 30,Excellent,Active,Multiple Products
15756475,551,Germany,Male,31,9,82293.82,2,1,1,91565.25,0,8+,High,30-50,Poor,Active,Multiple Products
15655339,566,France,Male,36,1,142120.91,1,1,0,79616.37,0,0-3,High,30-50,Poor,Inactive,Single Product
15613749,569,Spain,Male,34,0,151839.26,1,1,0,102299.81,1,0-3,High,30-50,Poor,Inactive,Single Product
15664521,659,Spain,Male,31,7,149620.88,2,1,1,104533.51,0,7-Apr,High,30-50,Fair,Active,Multiple Products
15681206,722,France,Female,49,3,168197.66,1,1,0,140765.57,1,0-3,High,30-50,Good,Inactive,Single Product
15745527,655,France,Male,37,5,93147,2,1,0,66214.13,0,7-Apr,High,30-50,Fair,Inactive,Multiple Products
15806926,615,France,Female,35,2,97440.02,2,1,1,139816.1,0,0-3,High,30-50,Fair,Active,Multiple Products
15724563,752,Germany,Female,42,3,65046.08,2,0,1,140139.28,0,0-3,High,30-50,Excellent,Active,Multiple Products
15782899,661,Spain,Female,28,7,95357.49,1,0,0,102297.15,0,7-Apr,High,Under 30,Fair,Inactive,Single Product
15623521,838,Spain,Male,43,9,123105.88,2,1,0,145765.83,0,8+,High,30-50,Excellent,Inactive,Multiple Products
15810218,610,Spain,Male,29,9,0,3,0,1,83912.24,0,8+,Low,Under 30,Fair,Active,Multiple Products
15645621,811,Spain,Male,44,3,0,2,0,1,78439.73,0,0-3,Low,30-50,Excellent,Active,Multiple Products
15608114,587,Spain,Male,62,7,121286.27,1,0,1,6776.92,0,7-Apr,High,50+,Fair,Active,Single Product
15659557,811,Germany,Female,28,4,167738.82,2,1,1,9903.42,0,7-Apr,High,Under 30,Excellent,Active,Multiple Products
